sku,product_name,product_name_ar,price
279,ANAFRONIL 75 MG 20 TAB,انافرونيل 75 مجم اس ار 20 قرص,75.0
2282,LOPRECOUGH SYRUP 100 ML,لوبريكاف شراب 100 مل,28.5
4331,TOMEX PLUS 50 TAB,تومكس بلس 50 قرص,60.0
1022,TAROLIMUS 0.03% OINT. 15 GM,تاروليمس 0.03 % مرهم 15 جم,129.0
116,GLIPTUS PLUS 50/1000 MG 30 TAB,جليبتس بلس 50/1000 مجم 30 قرص,192.0
219,DALACIN C 300 MG 10 CAP,دالاسين سي 300 مجم 10 كبسول,78.5
230,BI PROFENID S.R 150 MG 20 TAB,باي-بروفينيد 150 مجم 20 قرص,37.0
243,BI-KETOGESIC 150 MG 30 TAB,باي-كيتوجيسيك 150 مجم 30 قرص,81.0
247,PROTOFIX 40 MG 14 TAB,بروتوفيكس 40 مجم 14 قرص,80.0
359,ARTHROFAST MR 150 MG 14 TAB,ارثروفاست 150 مجم 14 قرص,83.0
366,ARTHFREE 20 MG 30 TAB,ارث فرى 20 مجم 30 قرص,261.0
1348,ANAFRONIL 25 MG 30 TAB,انافرونيل 25 مجم 30 قرص,45.0
446,FLECTOR 50 MG 30 CAP,فليكتور 50 مجم 30 كبسول,87.0
1436,DEPAKINE 200 MG/ML ORAL SOLUTION 40 ML,ديباكين 200 مجم / مل محلول بالفم 40 مل,34.0
590,PANTAZOL 40 MG 14 TAB,بانتازول 40 مجم 14 قرص,104.0
874,ATACAND 8 MG 14 TAB,اتاكاند 8 مجم 14 قرص,83.0
1854,HAEMOJET 50 MG/5ML SYRUP 100 ML,هيموجيت 50 مجم / 5 مل شراب 100 مل,37.5
1884,LELIPEL 10 MG 20 TAB,ليليبيل 10 مجم 20 قرص,120.0
2575,MODURETIC 30 TAB,موديوريتك 5/50 مجم 30 قرص,15.0
3544,AMILO 5 MG 30 TAB,اميلو 5 مجم 30 قرص,54.0
2696,ATORSTAT 40 MG 14 TAB,اتورستات 40 مجم 14 قرص,76.0
3957,KERELLA OINT. 15 GM,كيريلا مرهم 15 جم,16.0
4115,CHROMIUM 20 CAP,كروميوم - ميباكو 20 كبسول,40.0
4139,ALBENDAZOLE 400 MG 6 TAB,البندازول 400 مجم 6 قرص,46.0
5159,NAVOPROXIN 50 MG 5 SUPP.,نافوبروكسين 50 مجم 5 اقماع,10.0
4957,TOPMODE 50 MG 30 CAP,توبمود 50 مجم 30 كبسولة,17.5
1324,DICLAC 150 MG 20 TAB,ديكلاك 150 مجم 20 قرص,132.0
1434,ULTRACAINE 5%GEL 30 GM,التراكايين 5% جيل 30 جم,31.0
690,COLOVERIN A 30 TAB,كولوفيرين أ 30 قرص,99.0
1111,FEROGLOBIN SYRUP 120 ML,فيروجلوبين شراب 120 مل,65.0
4,MILGA 40 TAB,ميلجا 40 قرص,108.0
5,PLAVIX 75 MG 28 TAB,بلافيكس 75 مجم 28 قرص,311.0
10,PANADOL EXTRA 24 TAB,بانادول اكسترا 24 قرص,54.0
15,FEROGLOBIN 30 CAP,فيروجلوبين 30 كبسول,150.0
20,CONVENTIN 400 MG 30 CAP,كونفنتين 400 مجم 30 كبسول,150.0
22,DEPOVIT B12 1000 MCG/ML I.M 5 AMP.,ديبوفيت بي12 - 1000 مكجم / مل 5 امبول,85.0
26,EREC 100 MG 12 TAB,اريك 100 مجم 12 قرص,100.5
28,BI-ALCOFAN 150 MG 30 TAB,باي-الكوفان 150 مجم 30 قرص,81.0
30,CATAFLAM 50 MG 20 TAB,كتافلام 50 مجم 20 قرص,86.0
34,OMEGA-3 PLUS 30 CAP,اوميجا-3 بلس 30 كبسولة,135.0
36,CONVENTIN 300 MG 30 CAP,كونفنتين 300 مجم 30 كبسولة,114.0
46,CATAFAST 50 MG 9 SACHETS,كتافاست 50 مجم 9 كيس,72.0
48,AMBEZIM-G 30 TAB,امبيزيم-جى 30 قرص,102.0
53,XITHRONE 500 MG 5 TAB,زيثرون 500 مجم 5 قرص,86.0
58,DEXAMETHASONE-AMRIYA 8 MG/2 ML 3 AMP.,ديكساميثازون-العامرية 8 مجم / 2 مل 3 امبول,36.0
65,BIVATRACIN SPRAY 150 ML,بيفاتراسين سبراى 150جم,83.0
71,PRAVOTIN 100 MG 14 SACHETS,برافوتين 100 مجم 14 كيس,150.0
73,TAVANIC 500 MG 5 TAB,تافانيك 500 محم 5 قرص,134.0
87,DOROFEN 30 CAP,دوروفين 30 كبسولة,153.0
90,DEXAMETHASONE-MUP 8 MG/2 ML 5 AMP.,ديكساميثازون-المهن 8 مجم / 2 مل 5 امبول,65.0
94,FAWAR FRUIT 6 SACHET,فوار فروت 6 كيس,24.0
96,GAPTIN 400 MG 30 CAP,جابتن 400 مجم 30 كبسولة,156.0
101,OPLEX-N SYRUP 125 ML,اوبلكس- ان شراب 125 مل,31.0
105,VIAGRA 100 MG 4 TAB,فياجرا 100 مجم 4 اقراص,144.0
106,SPASMODIGESTIN 30 TAB,سبازمو ديجستين 30 قرص,78.0
111,DIMRA 20 TAB,ديمرا 20 قرص,70.0
112,PANTOLOC 40 MG 14 TAB,بانتولوك 40 مجم 14 قرص,68.5
1051,ONDALENZ 4 MG 5 O.D.F,اوندالينز 4 مجم 5 فيلم سريع الذوبان بالفم,160.0
121,COLOVERIN-D 30 TAB,كولوفيرين دى 30 قرص,105.0
1059,SELGON 20 MG 20 TAB,سيلجون 20 مجم 20 قرص,18.0
130,VIDROP 2800 I.U./ML ORAL DROPS 15 ML,فيدروب 2800 وحدة دولية/مل نقط بالفم 15 مل,26.0
132,RECOXIBRIGHT 90 MG 30 TAB,ريكوكسيبرايت 90 مجم 30 قرص,297.0
1064,THIOTACID COMPOUND 300 MG 30 CAP,ثيوتاسيد مركب 300مجم 30 كبسول,168.0
137,MAXILASE SYRUP 100 ML,ماكسيلاز شراب 100 مل,57.0
143,ESMORAP 40 MG 14 CAP,ازموراب 40 مجم 14 كبسول,138.0
146,ELIQUIS 5 MG 20 TAB,اليكويس 5 مجم 20 قرص,406.0
147,FERROTRON 30 CAP,فيروترون 30 كبسول,99.0
1084,LASIX 20 MG/2 ML 3 AMP.,لاسيكس 2مل 3 امبول,24.0
154,ZITHROKAN 500 MG 3 CAP,زيثروكان 500 مجم 3 كبسولة,77.0
160,BRONCHICUM ELIXIR 100 ML,برونشيكم اليكسر شراب 100 مل,49.0
164,OTRIVIN ADULT NASAL DROPS 15 ML,اوتريفين 0.1 % نقط انف للكبار 15 مل,16.0
166,PANADOL COLD&FLU DAY 24 TAB,بانادول كولد آند فلو داي 24 قرص,76.0
169,ALL-VENT SYRUP 125 ML,اولفنت شراب 125 ملل,34.0
178,CLARITINE 10 MG 20 TAB,كلاريتين 10 مجم 20 قرص,110.0
184,DOLIPRANE 1000 MG 15 TAB,دوليبران 1000 مجم 15 قرص,48.0
198,VENTAL COMPOSITUM SPRAY 200 DOSE,فنتال مركب بخاخ عن طرق الفم 200 جرعة,56.0
202,GAPTIN 300 MG 30 CAP,جابتن 300 مجم 30 كبسولة,126.0
229,FLAGYL 500 MG 20 TAB,فلاجيل 500 مجم 20 قرص,23.0
237,TELFAST 30 MG/5 ML SUSP. 100 ML,تلفاست 30مجم/5مل شراب معلق 100 مل,50.0
249,CETAL 250 MG SUSP. 60 ML,سيتال 250مجم/5مل شراب معلق 60 مل,31.0
250,EUCARBON 30 TAB,اوكاربون 30 قرص,84.0
252,AMARYL 3 MG 30 TAB,اماريل 3 مجم 30 قرص,61.5
277,HYFRESH 0.2%EYE DROP 10 ML,هاي فريش 0.2 % قطرة عين 10 مل,75.0
313,TELFAST 120 MG 20 TAB,تلفاست 120 مجم 20 قرص,76.0
319,ATOR 20 MG 10 TAB,اتور 20 مجم 10 قرص,59.0
320,MUCOSTA 100 MG 20 TAB,ميوكوستا 100 مجم 20 قرص,79.0
323,CATAFLAM 75 MG/3 ML 6 AMP.,كتافلام 75 مجم / 3 مل 6 امبول,83.0
330,POWERECTA 20 MG 4 TAB,باوريكتا 20 مجم 4 قرص,58.0
334,GABIMASH 300 MG 30 TAB,جابيماش 300 مجم 30 قرص,85.5
338,AVIL 45.5 MG/2 ML I.M. 6 AMP.,افيل 45.5 مجم/2مل 6 امبول عضل,39.0
343,CLOPEX 75 MG 30 TAB,كلوبكس 75 مجم 30 قرص,150.0
346,AMARYL M 2 MG/500 30 TAB,اماريل ام 2/500مجم 30 قرص,73.5
1279,SIMEDILL EMULSION 120 ML,سايميدل شراب مستحلب 120 مل,50.0
357,DIAMONRECTA 5 MG 30 TAB,ديامونركتا 5 مجم 30 قرص,187.5
369,DUPHALAC SYRUP 200 ML,دوفالاك شراب 200 مل,87.0
371,RIVAROSPIRE 20 MG 28 TAB,ريفاروسبير 20 مجم 28 قرص,364.0
1303,NOSTAMINE EYE/NOSE DROP 15 ML,نوستامين قطرة 15 مل,15.0
1305,LOVIR 400 MG 10 TAB,لوفير 400 مجم 10 قرص,76.0
399,ATOR 40 MG 10 TAB,اتور 40 مجم 10 قرص,80.0
1334,GYNOZOL 2%VAGINAL CREAM 40 GM,جينوزول 2 % كريم مهبلي 40 جم,38.0
414,NASACORT AQ 55 MCG NASAL SPRAY 120 DOSE,نازاكورت 55مكجم بخاخ بالأنف 120 جرعة,151.0
420,GOLD PLUS VAGINAL DOUCHE 250 ML,جولد بلس غسول مهبلي 250 مل,75.0
422,TAVACIN 750 MG 5 TAB,تافاسين 750 مجم 5 قرص,96.0
427,COLOVATIL 30 TAB,كولوفاتيل 30 قرص,63.0
436,COBAL F 30 TAB,كوبال اف 500/200 مكجم 30 قرص,54.0
449,EXAMIDE 10 MG 30 TAB,اكساميد 10 مجم 30 قرص,88.5
1383,VERSERC 16 MG 30 TAB,فيرسيرك 16 مجم 30 قرص,87.0
454,NATRILIX C. S.R. 1.50 MG 30 TAB,ناتريليكس اس آر 1.5 مجم 30 قرص,55.0
456,NANAZOXID 500 MG 18 TAB,نانازوكسيد 500 مجم 18 قرص,114.0
460,EMEREST 4 MG/2 ML 5 AMP.,ايميرست 4 مجم / 2 مل 5 امبول,112.5
476,OLAPEX 10 MG 30 TAB,اولابكس 10 مجم 30 قرص,234.0
479,VIBRAMYCIN 100 MG 10 CAP,فيبراميسين 100 مجم 10 كبسولات,42.5
1412,CORTIPLEX B6 PEDIATRIC 3 AMP.,كورتيبليكس ب 6 للاطفال 3 امبول,27.0
483,LUSTRAL 50 MG 20 TAB,لوسترال 50 مجم 20 قرص,101.0
487,PLEGICA 1% EYE DROPS 10 ML,بليجيكا 1 % قطرة عين 10 مل,27.0
513,OTRIVIN PEDIATRIC 0.05% NASAL DROPS 15 ML,اوتريفين 0.05 % نقط أنف للأطفال 15 مل,24.0
1452,L-CARNITINE PLUS 20 TAB,ال-كارنيتين بلس 20 قرص,116.0
523,SINGULAIR 10 MG 14 TAB,سنجيولير 10 مجم 14 قرص,192.0
1457,INDERAL 40 MG 50 TAB,إندرال 40 مجم 50 قرص,55.0
526,AMRIZOLE TABS 500 MG 20,امريزول 500 مجم 20 قرص,25.0
1466,MELOQUIN 4%CREAM 20 GM,ميلوكين 4 % كريم 20 جم,40.5
1469,SUGARLO PLUS 50 / 1000 MG 30 TAB,شوجارلو بلس 50/1000 مجم 30 قرص,136.5
557,ZYRTEC 0.1%SYRUP 100 ML,زيرتيك 0.1% شراب 100 مل,32.5
565,NIZAPEX 2% SHAMPOO 80 ML,نيزابيكس شامبو 80 مل,68.0
583,JUSPRIN 81 MG 60 TAB,جوسبرين 81 مجم 60 قرص,81.0
1525,BIONAL 30 CAP,بيونال 30 كبسولة,192.0
593,FLIXONASE 50 MCG/METERED NASAL SPRAY 120 DOSE,فليكسونيز بخاخة للانف 120 جرعة,90.0
1540,RUTA C 20 TAB,روتاسي-60 اقراص,19.0
1563,ALGESAL SURACTIVE CREAM 40 GM,الجزال كريم 40 جم,46.0
642,VASTAFLAM 50 MG 20 TAB,فاستافلام 50 مجم 20 قرص,36.0
645,GAPTIN 100 MG 30 CAP,جابتن 100 مجم 30 كبسولة,81.0
666,L-CARNITINE 350 MG 20 CAP,ال-كارنيتين 20 كبسولة,72.0
668,ZITHROMAX 600 MG/15ML SUSP. 15 ML,زيثروماكس 600مجم/ 15مل شراب معلق,61.0
1601,FOLIC ACID MEPACO 500 Y 20 TAB,فوليك اسيد - ميباكو 500 مكجم 20 قرص,20.0
670,SWEETAL 50 SACHETS,سويتال 2 جم 50 كيس,85.0
1615,LEVOHISTAM 2.5 MG/5MLS YRUP 120 ML,ليفوهيستام 5مجم/10مل شراب 120 مل,39.0
692,DOLPHIN 12.5 MG 10 SUPP.,دولفين 12.5 مجم 10 أقماع,36.0
1631,EFEMYO EYE DROP 10 ML,افيميو قطرة عين 10 مل,44.0
708,FLUREST -N 20 TAB,فلورست ان 20 قرص,20.0
1705,LASIX 40 MG 24 TAB,لاسيكس 24 قرص,20.0
1720,TUSSISTOP 30 MG/5ML SYRUP 100 ML,توسيستوب شراب 100 مل,32.5
788,RECOXIBRIGHT 60 MG 20 TAB,ريكوكسيبرايت 60 مجم 20 قرص,188.0
1734,APEXIDONE 3 MG 30 TAB,ابيكسيدون 3 مجم 30 قرص,126.0
812,STERONATE 5 MG 20 TAB,ستيرونات 5 مجم 20 قرص,56.0
814,FLIX 50 MCG/METERED NASAL SPRAY 20 ML,فليكس 50 مكجم/جرعة بخاخ للانف 16 جم,76.0
1754,TUSSIVAN N SYRUP 125 ML,توسيفان-ان شراب 125 مل,34.0
1771,ABIMOL 500 MG 20 TAB,ابيمول 500 مجم 20 قرص,13.0
845,DIAMICRON MR 30 MG 30 TAB,دياميكرون ام آر 30 مجم 30 قرص,60.0
867,GLIMEPIRIDE-PLUS 4 MG/30 30 TAB,جليميبرايد بلس 30/4 مجم 30 قرص,93.0
890,TWINZOL EYE DROPS 5 ML,توينزول قطرة للعين 5 مل,71.0
1822,BRIMONIDINE 0.2% EYE DROPS 5 ML,بريمونيدين 0.2% قطرة عين 5 مل,44.5
900,ZYRTEC 10 MG/ML ORAL DROPS 10 ML,زيرتك 10مجم/مل نقط بالفم 10 مل,27.5
918,NANAZOXID 100 MG/5ML SUSP. 60 ML,نانازوكسيد 100مجم/5مل شراب معلق 60 مل,39.0
965,IVYPRONT SYRUP 120 ML,ايفيبرونت شراب 100 مل,45.0
977,ALKAPRESS 10 MG 30 TAB,الكابريس 10 مجم 30 قرص,78.0
2016,APEXIDONE 4 MG 30 TAB,ابيكسيدون 4 مجم 30 قرص,126.0
1955,DIGEST EZE 20 CAP,دايجيست ايزى 20 كبسول,94.0
2068,SYLVESTRE-1 20 CAP,سلفستر 1 20 كبسول,150.0
2078,INCONT L.A 4 MG 30 TAB,انكونت ال ايه 4 مجم 30 قرص,91.5
2132,COLLOMAK SOUTION 10 ML,كولوماك محلول موضعى 10 مل,18.0
2152,IPANTEN 100 MG 50 CAP,ايبانتين 100 مجم 50 كبسول,39.0
3114,SALBOVENT SYRUP 120 ML,سالبوفنت 2 مجم /5 مل شراب 120 مل,16.5
2226,APEXIDONE 1 MG 20 TAB,ابيكسيدون 1 مجم 20 قرص,54.0
2247,BETADERM 0.1% TOPICAL OINT. 15 GM,بيتاديرم 0.1% مرهم 15 جم,11.5
2250,TRITACE PROTECT 10 MG 20 TAB,تريتاس بروتكت 10 مجم 20 قرص,101.0
2279,GRIPE WATER BAMBIN SYRUP 120 ML,ماء غريب بامبينو شراب 120 مل,75.0
2321,TRIVASTAL RETARD 50 MG 30 TAB,تريفاستال ريتارد 50 مجم 30 قرص,47.5
2346,ADAPALENE 0.1%GEL 30 GM,ادابالين 0.1% جيل 30 جم,34.0
2350,ATORSTAT 20 MG 14 TAB,اتورستات 20 مجم 14 قرص,64.0
2375,MAREVAN 3 MG 100 TAB,ماريفان 3 مجم 100 قرص,36.0
3373,ALKAPRESS PLUS 10MG/160 MG 20 TAB,الكابريس بلس 10/160مجم 14 قرص,76.0
2482,APEXIDONE 1MG/ML SYRUP 100 ML,ابيكسيدون 1مجم/مل شراب 100 مل,60.0
2506,REMOWAX EAR DROPS 15 ML,ريموواكس نقط للاذن 15 مل,24.0
3475,REGCOR 10 MG 10 TAB,رجكور 10 مجم 10 قرص,16.0
3480,MAXICAL-D SUSP. 120 ML,ماكسيكال دي شراب 120 مل,48.0
3634,DIET SWEET 20 MG 100 SOLUBLE TAB,دايت سويت 100 قرص,34.0
2737,PETRO 30 TAB,بترو 30 قرص,69.0
3680,GYNOCONAZOL 0.4%VAGINAL CREAM 30 GM,جينوكونازول 0.4 % كريم مهبلي 30 جم,23.5
3689,ATORSTAT 10 MG 14 TAB,اتورستات 10 مجم 14 قرص,40.0
3797,APPLE LITE 30 TAB,ابل-لايت 30 قرص,21.0
4244,AMLODIPINE 10 MG 20 TAB,املوديبين 10 مجم 20 قرص,32.0
9,VILDAGLUSE PLUS 50/1000 MG 30 TAB,فيلداجلوز بلس 50 / 1000 مجم 30 قرص,147.0
14,ZURCAL 40 MG 14 TAB,زوركال 40 مجم 14 قرص,66.0
4305,RHINEX ADULT 0.1% NASAL DROPS 10 ML,رينكس 0.1% نقط أنف للكبار 10 مل,18.0
4398,DIGENORM SYRUP 100 ML,دايجينورم شراب 120 مل,39.0
45,NEUROVIT 30 TAB,نيوروفيت 30 قرص,102.0
52,DUPHASTON 10 MG 60 TAB,دوفاستون 10 مجم 60 قرص,386.0
60,RIVAROSPIRE 10 MG 20 TAB,ريفاروسبير 10 مجم 20 قرص,254.0
1003,VILDAFORMIN 50MG/1000 MG 30 TAB,فيلدافورمين 50 / 1000 مجم 30 قرص,138.0
4750,DOLCYL 1 MG 30 TAB,دولسيل 1 مجم 30 قرص,27.0
4881,C-VIT 10 GM/100 ML ORAL DROPS 15 ML,سى فيت نقط 15 مللى,19.5
84,OMEZ 20 MG 14 CAP,اوميز 20 مجم 14 كبسول,56.0
1017,NORMO-TEARS EYE DROPS 15 ML,نورمو تيرز قطرة عين 15 مل,17.5
1019,FELDENE 20 MG/ML I.M 6 AMP.,فلدين 20 مجم / مل 6 امبول عضل,63.0
95,PRAVOTIN 100 MG 30 SACHETS,برافوتين 100 مجم 30 كيس,290.0
1028,NORGESIC 20 TAB,نورجيسيك 20 قرص,26.0
1031,TAMSULIN PLUS 6/0.4MG 20 MR TAB,تامسولين بلس 0.4/6 مجم 20 قرص ممتد المفعول,148.0
1036,INDERAL 10 MG 50 TAB,إندرال 10 مجم 50 قرص,40.0
117,BETOLVEX 1 MG/ML 2 AMP,بيتولفكس 1مجم/مل 2 امبول عضل,64.0
1055,CRESTOLIP 10 MG 30 TAB,كريستوليب 10 مجم 30 قرص,108.0
1067,DANTRELAX 25 MG 30 CAP,دانتريلاكس 25 مجم 30 كبسولة,147.0
1072,LEVOHISTAM 5 MG 30 TAB,ليفوهيستام 5 مجم 30 قرص,117.0
1073,PRIMPERAN 10 MG/2 ML 12 AMP.,بريمبران 10 مجم / 2 مل 12 امبول,60.0
144,OMEZ 40 MG 20 CAP,اوميز 40 مجم 20 كبسولة,130.0
1079,DAPOXTARD 60 MG 3 TAB,دابوكستارد 60 مجم 3 قرص,39.0
152,KETOLAC 30 MG/2 ML 5 AMP.,كيتولاك 30 مجم / 2 مل 5 امبول,60.0
1091,DUSPATALIN RETARD 200 MG 30 CAP,دوسباتالين ريتارد 200 مجم 30 كبسول,138.0
1092,VOMIBREAK 10 MG 30 TAB,فوميبريك 10/10 مجم 30 قرص ممتد المفعول,66.0
175,COLONA 30 TAB,كولونا 30 قرص,69.0
176,CELEBREX 200 MG 15 CAP,سليبريكس 200 مجم 15 كبسولة,153.0
179,SILDAVA 100 MG 12 TAB,سيلدافا 100 مجم 12 قرص,91.5
193,TELFAST 180 MG 20 TAB,تلفاست 180 مجم 20 قرص,105.0
1134,TEARS GUARD 0.3% EYE DROPS 15 ML,تيرز جارد 0.3% قطرة عين 15 مل,30.0
206,ERASTAPEX TRIO 10/40/25 MG 30 TAB,ايراستابكس تريو 10/40/25 مجم 30 قرص,123.0
209,DANSET 4 MG/2 ML 3 AMP.,دانست 4 مجم / 2 مل 3 امبول,82.5
1143,FAROVIGA 100 MG 12 TAB,فاروفيجا 100 مجم 12 قرص,108.0
213,AMARYL 4 MG 30 TAB,اماريل 4 مجم 30 قرص,79.5
222,ANTOPRAL 40 MG 14 TAB,انتوبرال 40 مجم 14 قرص,87.0
232,OCTATRON 30 CAP,اوكتاترون 30 كبسول,114.0
234,STARKOPREX 5 MG 30 TAB,ستاركوبريكس 5 مجم 30 قرص,252.0
242,NEXICURE 40 MG 20 TAB,نيكسيكيور 40 مجم 20 قرص,152.0
1179,DELTARHINO NASAL SPRAY 15 ML,دلتارينو بخاخ بالأنف 15 مل,30.0
1181,TRI-B I.M. 3 DOUBLE AMP.,تراى بى 6 امبول,44.0
1182,OLFEN 75 MG/2 ML 6 AMP.,اولفين 75 مجم / 2 مل 6 امبول,39.0
1187,COBAL 500 Y 30 TAB,كوبال 500 مكجم 30 قرص,38.25
257,DANSET 8 MG/4 ML 3 AMP.,دانست 8 مجم / 4 مل 3 امبول,142.5
1191,L-CARNITINE 300 MG/ML SYRUP 30 ML,ال-كارنيتين 300 مجم/مل شراب 30 مل,70.0
268,CYMBATEX 30 MG 30 CAP,سيمباتكس 30 مجم 30 كبسول,228.0
273,DOWNOPRAZOL 40MG/110 MG 14 CAP,داونوبرازول 40/1100 مجم 14 كبسول,95.0
1206,SPECTONE 100 MG 20 TAB,سبيكتون 100 مجم 20 قرص,41.0
285,CONTROLOC 20 MG 14 TAB,كونترولوك 20 مجم 14 قرص,100.0
1218,TIRATAM XR 500 MG 20 TAB,تيراتام اكس آر 500 مجم 20 قرص,148.0
1221,CARBAMIDE CREAM 30 GM,كارباميد ممفيس 10% كريم 30 جم,35.0
291,BEPRA 20 MG 14 TAB,بيبرا 20 مجم 14 قرص,103.0
1225,TARIVID TABS 200 MG 10,تاريفيد 200 مجم 10 قرص,82.0
293,CARNIVITA FORTE 30 TAB,كارنيفيتا فورت 30 قرص,177.0
294,DELTAVIT B12 1000 MCG 30 SUBLINGUAL TAB,دلتافيت ب12 - 1 مجم 30 قرص تحت اللسان,75.0
297,PIASCLEDINE 300 MG 15 CAP,بيسكالدين 300 مجم 15 كبسول,375.0
299,SOLOFRESH 0.2%EYE DROP 10 ML,سولوفريش 0.2 % قطرة عين 10 مل,48.0
1240,EMPACOZA 10 MG 30 TAB,ايمباكوزا 10 مجم 30 قرص,240.0
1243,FORTYMOX 0.5%EYE DROP 10 ML,فورتيموكس 5 مجم / مل قطرة عين 10 مل,44.0
1254,PLETAAL 50 MG 20 TAB,بليتال 50 مجم 20 قرص,92.0
1255,DEXAFLOX EYE DROPS 5 ML,ديكسافلوكس قطرة عين 5 مل,37.0
1257,PANTOLOC 20 MG 14 TAB,بانتولوك 20 مجم 14 قرص,44.0
1260,CORDARONE 200 MG 30 TAB,كوردارون 200 مجم 30 قرص,48.0
1261,ALPHANOVA 0.15% EYE DROPS 5 ML,الفانوفا 0.15% قطرة عين 5 مل,42.0
333,NITROMAK RETARD 2.5MG 60 CAP,نيتروماك ريتارد 2.5 مجم 60 كبسولة,96.0
1269,ERASTAPEX CO 5MG/40 MG 30 TAB,ايراستابكس كو 5/40 مجم 30 قرص,108.0
1278,TRIB GOLD 250 MG 30 CAP,تريب جولد 30 كبسول,120.0
353,JOYPOX 60 MG 6 TAB,جويبوكس 60 مجم 6 قرص,106.0
360,TRENTAL SR 400 MG 20 TAB,ترنتال اس آر 400 مجم 20 قرص,56.0
1296,SIRDALUD 2 MG 20 TAB,سيردالود 2 مجم 20 قرص,54.0
370,FORBUDES 400/12MCG 60 INHALE CAP,فوربيودس 400/12 مكجم 60 كبسول استنشاق,334.0
372,BETASERC 16 MG 60 TAB,بيتاسيرك 16 مجم 60 قرص,219.0
1304,ROYAL REGIME TEA 50 FILTER,رويال شاى ريجيم 50 فتلة,45.0
377,ATOREZA 10 MG/10 28 TAB,اتوريزا 10/10 مجم 28 قرص,166.0
1312,MOSAPRIDE 5 MG 30 TAB,موزابرايد 5 مجم 30 قرص,91.5
383,VIAGRA 50 MG 4 TAB,فياجرا 50 مجم 4 اقراص,78.0
1316,ERASTAPEX 40 MG 30 TAB,ايراستابكس 40 مجم 30 قرص,69.0
1317,TORSERETIC 10 MG 30 TAB,تورسيريتك 10 مجم 30 قرص,93.0
1322,ESTOHALT 40 MG 14 CAP,استوهالت 40 مجم 14 كبسول,56.5
1323,MOBITIL 15 MG 10 TAB,موبيتيل 15 مجم 10 قرص,23.5
1326,TORSERETIC 100 MG 30 TAB,تورسيريتك 100مجم 30 قرص,195.0
1328,BLOKATENS 10 MG/160 28 TAB,بلوكاتنس 10/160مجم 28 قرص,160.0
1329,EFEXOR XR 75 MG 14 CAP,افيكسور اكس آر 75 مجم 14 كبسول,122.0
1335,SOFENACIN 10 MG 20 TAB,سوفيناسين 10 مجم 20 قرص,122.0
1337,AQUA PLUS SYRUP 100 ML,اكوا بلس شراب 100 مل,45.0
415,BIOVIT-12 DEPOT I.M. 2 AMP.,بيوفيت 12 ديبو 2 امبول عضل,19.0
417,DIACEREIN 50 MG 30 CAP,دياسيرين 50 مجم 30 كبسول,115.5
421,NEURONTIN 300 MG 20 CAP,نيورونتين 300 مجم 20 كبسول,80.0
1356,ALKAPRIDE SCORED 50 MG 30 TAB,الكابرايد 50 مجم 30 قرص,61.5
1357,NEVILOB PLU.5/ 25 MG 20 TAB,نيفيلوب بلس 0.5-25 مجم 20 قرص,92.0
428,MYOFEN 30 CAP,ميوفين 30 كبسول,54.0
1367,ANTI-COX II 15 MG 30 TAB,انتيكوكس 15 مجم 30 قرص,73.5
444,LIBRAX 30 TAB,ليبراكس 30 قرص,48.0
1385,ROSITOR 20 MG 14 TAB,روسيتور 20 مجم 14 قرص,58.0
457,ERASTAPEX PLUS 40 MG/12.5 TAB,ايراستابكس بلس 40/12.5 مجم 30 قرص,96.0
1394,ISOPTIN SR 240 MG 30 TAB,ايسوبتن ريتارد 240 مجم 30 قرص,97.5
1402,AVIVAVASC 10MG/160 MG 28 TAB,افيفافاسك 10/160 مجم 28 قرص,140.0
472,SERETIDE DISKUS 500 / 50 MCG 60 DOSE,سيريتايد ديسكس 500/50 مكجم 60 جرعة,316.0
1408,URIPAN 5 MG 30 TAB,يوريبان 5 مجم 30 قرص,36.0
477,JUSTECHOL 20 MG 14 TAB,جستيكول 20 مجم 14 قرص,80.0
478,SERETIDE DISKUS 250 / 50 MCG 60 DOSE,سيريتايد ديسكس 250/50 مكجم 60 جرعة,257.0
481,GLIPTUS PLUS 50/850 MG 30 TAB,جليبتس بلس 50/850 مجم 30 قرص,192.0
1413,CALDIN-C 30 TAB,كالدين سي 30 قرص,73.0
1414,REVAREST VAGINAL DOUCHE 250 ML,ريفارست بلس غسول 250 مل,75.0
1420,SINOPRIL CO 30 TAB,سينوبريل-كو 12.5/20 مجم 30 قرص,105.0
490,FAKTU OINT. 30 GM,فاكتو مرهم 30 جم,76.0
491,TADALONG 20 MG 4 TAB,تادالونج 20 مجم 4 قرص,84.0
1423,FLUXOPRIDE FAST 5 MG 30 ORO-DISPERSIBLE TAB,فلاكسوبرايد 5 مجم 30 قرص سريع الذوبان بالفم,52.5
500,NORVASC 5 MG 30 TAB,نورفاسك 5 مجم 30 قرص,123.0
503,AMARYL 2 MG 30 TAB,اماريل 2 مجم 30 قرص,55.5
504,AGGREX 75 MG 60 TAB,اجركس 75 مجم 60 قرص,33.0
505,DOLPHIN 25 MG 10 SUPP.,دولفين 25 مجم 10 أقماع,38.0
514,PEPON PLUS 20 CAP,بيبون بلس 20 كبسول,100.0
1446,ROSITOR 10 MG 14 TAB,روسيتور 10 مجم 14 قرص,41.0
1448,EXAMIDE 5 MG 30 TAB,اكساميد 5 مجم 30 قرص,48.0
533,AMIPRIDE 50 MG 20 TAB,اميبرايد 50 مجم 20 قرص,81.0
1471,EMPACOZA 25 MG 30 TAB,ايمباكوزا 25 مجم 30 قرص,240.0
1474,ELBAVIT SYRUP IRON 60 ML,البافيت بالحديد شراب 60 مل,27.0
543,PRONTOGEST 100 MG/2 ML I.M.10 AMP.,برونتوجيست 100مجم / 2 مل 10 امبول,240.0
1476,CLARITINE 5 MG/5ML SYRUP 100 ML,كلاريتين 1مجم/مل شراب 100 مل,40.0
1479,TRITACE 1.25 MG 14 TAB,تريتاس 1.25 مجم 14 قرص,44.0
550,ACHTENON 2 MG 20 TAB,اكتينون 2 مجم 20 قرص,34.5
1484,MOBITIL 15 MG/1.5 ML 3 AMP.,موبيتيل 15 مجم / 1.5 مل 3 امبول,39.0
1494,X-TENSION PLUS 300MG/12.5 MG 28 TAB,اكس تينشن بلس 300/12.5 مجم 28 قرص,108.0
1505,TRITACE COMP 5/25 MG 14 TAB,تريتاس كومب 5/25مجم 14 قرص,89.0
573,PROSTRIDE 5 MG 30 CAP,بروستريد 5 مجم 30 كبسولة,136.5
1513,CANDALKAN 16 MG 14 TAB,كاندلكان 16 مجم 14 قرص,60.0
1517,GLYCODAL 30 CHEWABLE TAB,جليكودال 30 قرص مضغ,57.0
585,OSTEOCARE SYRUP 120 ML,اوستيوكير شراب 120 مل,65.0
588,ZINC OLIVE BABY CREAM 75 GM,زنك اوليف كريم 75 جرام,69.0
1522,HYDROFERRIN 50MG/ML ORAL DROPS 30 ML,هيدروفيرين 50مجم/مل نقط بالفم 30 مل,44.0
596,BRISTAFLAM 100 MG 20 TAB,بريستافلام 100 مجم 20 قرص,70.0
1534,ROMANTIGRA 20 MG 4 TAB,رومانتيجرا 20 مجم 4 قرص,37.5
1538,ANTOPRAL 20 MG 14 TAB,انتوبرال 20 مجم 14 قرص,61.0
614,CHOLEROSE 20 MG 21 TAB,كوليروز 20 مجم 21 قرص,132.0
622,VISCERALGINE 50 MG 20 TAB,فيسرالجين 50 مجم 20 قرص,42.0
624,AMIGRAINE 30 TAB,اميجران ادكو 30 قرص,63.0
639,ATOR 10 MG 7 TAB,اتور 10 مجم 7 قرص,33.0
1573,AMARYL 1 MG 30 TAB,اماريل 1 مجم 30 قرص,26.5
1574,METACARDIA MR 35 MG 30 TAB,ميتاكارديا ام آر 35 مجم 30 قرص,60.0
1575,HEALSEC 40 MG 14 CAP,هيلسيك 40 مجم 14 كبسولة,73.0
1579,ERECTALIS 20 MG 2 TAB,اريكتاليس 20 مجم 2 قرص,50.0
660,DURJOY 60 MG 3 TAB,ديورجوي 60 مجم 3 قرص,59.5
1594,AVOSOYA 300 MG 30 CAP,افوصويا 30 كبسولة,350.0
1603,SPANIELA MR 35 MG 30 TAB,سبانيلا ام آر 35 مجم 30 قرص,39.0
1611,CANDALKAN PLUS 32MG/12.5 MG 14 TAB,كاندلكان بلس 32/12.5 مجم 14 قرص,102.0
1619,ASPRICARLO 81 MG 30 CHEWABLE TAB,اسبريكارلو 81 مجم 30 قرص للمضغ,28.5
1626,LASILACTONE 100 MG 30 TAB,لازيلاكتون 100/20مجم 30 قرص,100.5
701,BRAVAMAX 200 MG 10 TAB,برافاماكس 200 مجم 10 قرص,122.0
712,NEUROPATEX 600 MG 20 CAP,نيوروباتكس 600 مجم 20 كبسول,134.0
1649,FELDENE 20 MG/ML I.M 3 AMP.,فلدين 20 مجم / مل 3 امبول عضل,31.5
1651,CAL-PREG 500 MG 30 TAB,كال - بريج 30 قرص,65.0
733,TEBONINA FORT 40 MG 20 TAB,تيبونينا فورت 40 مجم 20 قرص,90.0
1666,FLAGELLAT FORTE 200 MG/5 ML SUSP. 100 ML,فلاجيلات فورت 200 مجم / 5 مل شراب معلق 100 مل,32.0
1675,ADWIFLAM 75 MG/3 ML 6 AMP.,ادويفلام 75مجم/3مل 6 امبول,72.0
744,KETOLAC 10 MG 20 TAB,كيتولاك 10 مجم 20 قرص,38.0
747,ANTI-COX II 15 MG/3 ML 6 AMP,انتيكوكس 15مجم/3مل 6 امبول عضل,78.0
762,OTRIVIN BABY SALINE NASAL DROP 15 ML,اوتريفين بيبي سالين نقط أنف 15 مل,13.0
1701,DOWNOPRAZOL 20MG/110 MG 14 CAP,داونوبرازول 20/1100 مجم 14 كبسول,74.0
771,MESOCEPT 50/5MG I.M. AMP.,ميزوسيبت 1 امبول,23.5
775,DOXIRAZOL 60 MG 14 CAP,دوكسيرازول 60 مجم 14 كبسول,72.75
1707,LEVANIC 500 MG 7 TAB,ليفانيك 500 مجم 7 قرص,63.0
1721,GLYCERIN INFANTILE -PHARCO 5 SUPP.,جليسرين - فاركو 5 اقماع للاطفال,7.0
1724,CIPROFLOXACIN-ORGANO  750 MG 10 TAB,سيبروفلوكساسين-اورجانو 750 مجم 10 قرص,89.0
796,VENTAL SPRAY 200 DOSE,فنتال بخاخ انف 100 مكجم / 200 جرعة,50.0
1738,CO- AVAZIR EYE DROP 10 ML,كو افازير قطرة عين 10 مل,29.0
1746,FORMOHAL 12 MCG 30 INHALE CAP,فورموهال 12 مكجم 30 كبسول للاستنشاق,151.0
1751,PRONTOPLUS 20 TAB,برونتو بلس 20 قرص,26.0
821,TARGOFLOXIN 750 MG 10 TAB,تارجوفلوكسين 750 مجم 10قرص,188.0
1757,LUBRIVISC 0.1% EYE DROPS 10 ML	,لوبريفيسك 0.1% قطرة عين 10 مل,32.0
1764,LEE-FLOX 750 MG 7 TAB,لى-فلوكس 750 مجم 7 قرص,101.0
836,TRILLERG EYE DROPS 10 ML,تراى ليرج قطرة 10 مل,24.0
843,ATACAND 16 MG 14 TAB,اتاكاند 16 مجم 14 قرص,116.0
1778,GYNOCONAZOL 0.8%VAGINAL CREAM 30 GM,جينوكونازول 0.8 % كريم مهبلي 30 جم,31.0
854,TRITACE 5 MG 14 TAB,تريتاس 5 مجم 14 قرص,57.0
860,POWERECTA 10 MG 6 ORO-DISPERSIBLE TAB,باوريكتا 10 مجم 6 قرص أستحلاب,45.0
1795,OCUGUARD 30 CAP,اوكيوجارد 30 كبسول,120.0
869,DEXATOBRIN EYE DROPS 5 ML,ديكساتوبرين 5 مللى قطرة,26.0
1808,CLOBUTRA 0.05%CREAM 25 GM,كلوباترا 0.05 % كريم 25 جم,26.0
1816,CLOZAPEX 25 MG 50 TAB,كلوزابكس 25 مجم 50 قرص,50.0
1817,X-TENSION PLUS 150MG/12.5 MG 28 TAB,اكس تينشن بلس 150/12.5مجم 28 قرص,76.0
1834,FORTYMOX PLUS EYE DROP 5 ML,فورتيموكس بلس قطرة عين 5 مل,39.0
1837,DIABETONORM 45 MG 15 TAB,ديابيتونورم 45 مجم 15 قرص,38.0
1844,SWEETAL 1 GM 75 SACHETS,سويتال 1 جم 75 كيس,85.0
924,DANTRELAX COMPOUND 30 CAP,دانتريلاكس مركب 30 كبسولة,153.0
925,GLIPTUS 50 MG 30 TAB,جليبتس 50 مجم 30 قرص,151.5
927,NEVILOB 2.50 MG 14 TAB,نيفيلوب 2.5 مجم 14 قرص,46.0
1861,NERHASILDA 75 MG 8 O.D.F,نيرهاسيلدا 75 مجم 8 فيلم سريع الذوبان بالفم,64.0
1863,STROKA 75 MG 30 TAB,ستروكا 75 مجم 30 قرص,145.0
936,ATOREZA 10 MG/40 28 TAB,اتوريزا 10/40 مجم 28 قرص,210.0
938,BONE CARE 1 MCG 30 CAP,بون كير 1 مكجم 30 كبسولة,132.0
941,ORCHADEXOLINE EYE DROPS 5 ML,اوركاديكسولين قطرة عين 5 مل,17.5
950,LASILACTONE 50 MG 30 TAB,لازيلاكتون 20/50 مجم 30 قرص,67.5
1885,TADANERFI 20 MG 4 O.D.F,تادانيرفي 20 مجم 4 فيلم سريع الذوبان بالفم,90.0
1889,LACRITEARS 0.5% EYE DROPS 15 ML,لاكريتيرز قطرة عين 15 مل,49.0
1904,DILATROL 25 MG 30 TAB,ديلاترول 25 مجم 30 قرص,52.5
1905,GAROPRIDE 50 MG 30 TAB,جاروبرايد 50 مجم 30 قرص,63.0
980,LARYPRO 20 LOZENGES,لارى برو 20 قرص,44.0
990,TORSERETIC 20 MG 30 TAB,تورسيريتك 20 مجم 30 قرص,123.0
992,PLETAAL 100 MG 20 TAB,بليتال 100 مجم 20 قرص,144.0
993,SOFENACIN 5 MG 30 TAB,سوفيناسين 5 مجم 30 قرص,141.0
994,FASTCURE 40 MG 14 CAP,فاست كيور 40 مجم 14 كبسول,58.0
998,THROMBEXX DNA GEL 40 GM,ثرومبكس جيل 40 جم,52.5
2004,DULOXEPRIN 60 MG 28 CAP,دولوكسبرين 60 مجم 28 كبسولة,162.0
2006,ALTIAZEM 60 MG 40 TAB,التيازيم 60 مجم 40 قرص,46.0
1941,MEGAFEN 30 TAB,ميجافين 30 قرص,39.0
2013,NOVISTORIC 20 MG 14 TAB,نوفيستوريك 20 مجم 14 قرص,53.0
2036,ALPHANOVA PLUS EYE DROPS 5 ML,الفانوفا بلس قطرة عين 5 مل,50.0
1969,DEPRAM 20 MG 20 TAB,ديبرام 20 مجم 20 قرص,84.0
2041,PROTOFIX 20 MG 14 TAB,بروتوفيكس 20 مجم 14 قرص,62.0
1979,CHOLEROSE 5 MG 14 TAB,كوليروز 5 مجم 14 قرص,58.0
2064,ATACAND 4 MG 14 TAB,اتاكاند 4 مجم 14 قرص,39.75
1999,ITOMASH 50 MG 30 TAB,ايتوماش 50 مجم 30 قرص,39.0
3009,VAPOZOL INHALAR SOLUTION 30 ML,فابوزول محلول استشاق 30 مل,19.5
2080,RHEUMARENE 75 MG/3 ML I.M 3 AMP.,رومارين 75 مج 3 امبول,27.0
2082,BENOX 0.4% EYE DROPS 10 ML,بينوكس 0.4% قطرة عين 10 مل,23.0
3021,IMMULANT 20 CAP,اميولانت 20 كبسولة,30.0
2097,ROYAL REGIME TEA 25 FILTER,شاى ريجيم رويال 25 فلتر,25.0
2104,DIFLUSTERO 0.05% EYE EMULSION 5 ML,ديفلوستيرو 0.05 % قطرة عين 5 مل,45.0
2106,ALLERBAN S.R 2 MG 20 TAB,الليربان اس.ار 2 مجم 20 قرص,24.0
2121,DEPAKINE 5.76 MG SYRUP 125 ML,ديباكين 57.64 مجم / مل شراب 125 مل,36.5
2128,BIOTIN FORTE 5 MG 60 CAP,بيوتين فورت 5 مجم 60 كبسولة,78.0
2137,CALCIUM-D3 F 30 TAB,كالسيوم دي 3 اف 30 قرص,51.0
2155,EPICOTIL 20 MG 10 TAB,ابيكوتيل 20 مجم 10 قرص,28.5
3098,AMIGRAWEST 2.50 MG 4 TAB,اميجراويست 2.5 مجم 4 قرص,39.0
3132,DOLCYL 4 MG 30 TAB,دولسيل 4 مجم 30 قرص,51.0
2209,HISTAZINE SYRUP MG 100 ML,هيستازين-1 0.1 % شراب 100 مل,23.0
3181,BRONCHOPRO 15 MG/5 ML SYRUP 100 ML,برونكوبرو 7.5مجم/مل نقط بالفم 30 مل,19.5
3183,ALOEKITA DS DA SHAMPOO 250 ML,الوكيتا دى اس شامبو 250 مل,199.0
2258,ALVEOLIN-P SYRUP 100 ML,الفيولين-بى شراب 100 مل,50.0
3198,DIBAVALLY 50 MG 28 TAB,ديبافالي 50 مجم 28 قرص,116.0
2285,GRALIPENTIN XR 300 MG 30 TAB,جراليبنتين اكس آر 300 مجم 30 قرص,135.0
2296,X-TENSION 150 MG 28 TAB,اكس تينشن 150 مجم 28 قرص,72.0
2341,X-TENSION 300 MG 28 TAB,اكس تينشن 300 مجم 28 قرص,102.0
2355,OFUSIDIC 1% EYE DROPS 5 GM,اوفيوسيديك قطرة لزجة للعين 5 مل,18.0
2359,ABIMOL 300 MG 5 RECTAL SUPP.,ابيمول 300 مجم 5 اقماع,15.0
2374,ZESTRIL 20 MG 10 TAB,زيستريل 20 مجم 10 اقراص,52.0
2385,FOLICAP 2.50 MG 24 CAP,فوليكاب 2.5 مجم 24 كبسولة,22.0
3329,DORMIVAL 20 CAP,دورميفال 20 كبسولة,30.0
3343,BACTICLOR 125 MG SUSP. 60 ML,بكتيكلور 125مجم/5مل شراب معلق 60 مل,73.0
2414,BRADIPECT 7.50 MG 28 TAB,براديبيكت 7.5 مجم 28 قرص,176.0
2429,ALLERBAN 1MG/5ML SYRUP 100 ML,الليربان 1مجم/5مل شراب 100 مل,21.0
3369,DENSITIN 30 CAP,دينستين 30 كبسول,96.0
2441,DOGMATIL FORT 200 MG 10 CAP,دوجماتيل فورت 200 مجم 10 قرص,26.0
3381,URIPAN 0.1% SYRUP 120 ML,يوريبان 0.1 % شراب 120 مل,28.0
2450,DOLCYL 6 MG 30 TAB,دولسيل 6 مجم 30 قرص,66.0
2453,DOWNSTEROLIN 10MG/40 MG 28 TAB,داونستيرولين 10/40 مجم 28 قرص,120.0
2470,WINDIPINE 5 MG 30 TAB,وينديبين 5 مجم 30 قرص,21.0
2473,ELICASAL TOPICAL OINT. 30 GM,اليكاسال مرهم 30 جم,34.5
2488,GATISTAR 0.5% EYE DROPS 5 ML,جاتيستار 0.5 % قطرة عين 5 مل,45.0
2510,AZGOVANC 40/1100 MG 7 CAP,ازجوفانس 40/1100 مجم 7 كبسولة,47.5
2517,ELBAVIT WITH CALCIUM SYRUP 60 ML,البافيت كالسيوم شراب 60 مل,26.0
2520,RESPATIO 20 MG 20 TAB,ريسباتيو 20 مجم 20 قرص,94.0
2521,EZAPRIL 20 MG 20 TAB,ايزابريل 20 مجم 20 قرص,32.0
2529,CARDURA 1 MG 21 TAB,كاردورا 1 مجم 21 قرص,58.5
2542,IMMULANT SYRUP 120 ML,اميولانت ان شراب 120 مل,30.0
3501,URICONTROL 2 MG 10 TAB,يوريكونترول 2مجم 10قرص,18.0
2570,SELOKENZOC S.R 200 MG 28 TAB,سيلوكينزوك 200 مجم 28 قرص ممتد المفعول,103.0
3516,CANDALKAN 4 MG 14 TAB,كاندلكان 4 مجم 14 قرص,40.0
3517,ZINCODERM CREAM 50 GM,زنكوديرم كريم 50 جم,60.0
2599,ANTOX 30 TAB,انتوكس 30 قرص,60.0
2610,DIPROSALIC OINT. 15 GM,ديبروساليك مرهم 15 جم,13.0
3545,VIAVAG 100 MG 10 TAB,فيافاج 100 مجم 10 قرص,55.0
2620,NOVISTORIC 10 MG 14 TAB,نوفيستوريك 10 مجم 14 قرص,38.0
2628,OMEZ 10 MG 14 CAP,اوميز 10 مجم 14 كبسول,40.0
3562,TORSERETIC 5 MG 30 TAB,تورسيريتك 5 مجم 30 قرص,42.0
2629,DOXIRAZOL 30 MG 14 CAP,دوكسيرازول 30 مجم 14 كبسول,44.25
2635,PERFECT CARE SOLUTION 120 ML,بيرفكت كير محلول عدسات 120 مل,100.0
3580,ZESTRIL 5 MG 10 TAB,زيستريل 5 مجم 10 قرص,20.5
3586,MELLITOFIX MET 5MG/1000 MG 30 TAB,ميليتوفكس مت 5/1000 مجم 30 قرص,163.5
2662,FELDENE DISPERS 20 MG 10 TAB,فلدين 20 مجم 10 قرص قابل للذوبان,28.0
3598,BRAN-MEPACO 60 CAP,بران 60 كبسولة ميباكو,30.0
3640,PSYCHODAL 3 MG 30 TAB,سيكودال 3 مجم 30 قرص,198.0
3667,DOLCYL 2 MG 30 TAB,دولسيل 2 مجم 30 قرص,36.0
3683,EDEMEX 1 MG 20 TAB,اديمكس 1 مجم 20 قرص,18.0
2750,OREX SOLUTION 60 ML,اوركس بخاخ بالفم 60 مل,68.0
3701,ZINCODERM LOTION 120 ML,زنكوديرم لوسيون موضعي 120 مل,55.0
3711,PSYCHODAL 2 MG 30 TAB,سيكودال 2 مجم 30 قرص,126.0
2793,DOLCYL 3 MG 30 TAB,دولسيل 3 مجم 30 قرص,40.5
2799,SWEETAL 100 SOLUBLE TAB,سويتال 100 قرص,60.0
3734,CONJYCLEAR 0.1% EYE DROP 5 ML,كونجي كلير 1 مجم/ مل قطرة عين 5 مل,22.0
2811,VASCULAR 20 MG 20 TAB,فاسكولار 20 مجم 20 قرص,18.0
3752,FASTEL 180 MG 20 TAB,فاستل 180 مجم 20 قرص,54.0
3770,OCTOVENT CR 4 MG 20 TAB,اكتوفنت سي آر 4 مجم 20 قرص,12.0
2856,DILATROL 6.25 MG 30 TAB,ديلاترول 6.25 مجم 30 قرص,31.5
3790,FLEXOFAN 250 MG 20 CAP,فليكسوفان 20 كبسول,20.0
2869,LAMICTAL 25 MG 30 TAB,لاميكتال 25 مجم 30 قرص,54.0
2876,MONO MACK 40 MG 20 TAB,مونوماك 40 مجم 20 قرص,19.25
2897,ITRAPEX 100 MG 4 CAP,اترابكس 100 مجم 4 كبسول,26.0
3832,ALLEAR 5 MG 20 TAB,اليير 5 مجم 20 قرص,52.0
2953,PLENDIL 10 MG 30 TAB,بلينديل 10 مجم 30 قرص,112.5
2956,AMAGLUST 30MG/2 MG 30 TAB,اماجلوست 2/30 مجم 30 قرص,67.5
2986,PECTIPRO 0.3% SYRUP 90 ML,بكتي برو 0.3 % شراب 90 مل,29.5
4093,ALZMENDA 20 MG 21 TAB,الزميندا 20 مجم 21 قرص,66.0
4102,PEPON 30 CAP,بيبون 30 كبسول,35.0
4158,CO-DILATROL 30 TAB,كوديلاترول 30 قرص,52.5
4188,WESTAIR 4 MG 14 SACHETS,ويست أير 4 مجم 14 كيس,70.0
4213,ALLEVO 5 MG 20 TAB,اليفو 5 مجم 20 قرص,52.0
5215,CARNIVITA ADVANCE WOMEN 30 SACHETS,كارنيفيتا ادفانس للسيدات 30 كيس,350.0
4322,CITAPRONEX 20 MG 14 TAB,سيتابرونكس 20 مجم 14 قرص,78.0
4368,CITROPANTHEN CREAM 30 GM,ستروبانتين كريم 30 جم,50.0
4384,FASTEL 120 MG 20 TAB,فاستل 120 مجم 20 قرص,42.0
4403,DOSIN 1 MG 20 TAB,دوزين 1 مجم 20 قرص,14.0
4582,TEKLO 130 MG 30 TAB,تكلو 30 قرص,60.0
4623,MYODURA 10 MG 30 TAB,مايوديورا 10 مجم 30 قرص,69.0
5590,MOSAPRIDE 2.50 MG 10 TAB,موزابرايد 2.5 مجم 10 قرص,23.0
5591,CETRAK 5 MG/5ML SYRUP 120 ML,سيتراك 1مجم/مل شراب 120 مل,25.5
4700,AVAZIR 0.3% EYE DROPS 10 ML,افازير قطرة عين 10 مل,20.0
4743,MICROSERC 16 MG 20 TAB,ميكروسيرك 16 مجم 20 قرص,29.0
4762,EZOGAST 20 MG 14 CAP,ايزوجاست 20 مجم 14 كبسول,122.0
4887,KANSARTAN 300 MG 30 TAB,كانزارتان 300 مجم 30 قرص,109.5
5877,DISPERCAM 10 MG 20 ORO-DISPERSIBLE TAB,ديسبركام 10 مجم 20 قرص قابل للذوبان,8.6
6833,AMLODIPINE 5 MG 30 TAB,املوديبين 5 مجم 30 قرص,43.5
8299,FASTER GEL 80 GM,فاستر جيل 80 جم,32.0
9390,POLYFRESH EXTRA DROPS 30*0.4ML SDU,بولي فريش اكسترا قطرة عين احادي الجرعة 30 * 0.4 مل,150.0
9532,STARVILLE FACIAL CLEANSER 200 ML,ستارفيل غسول وجه جل 200 مل,125.0
8771,RX MASSAGE CREAM 50 GM,ار اكس كريم مساج 50 جم,75.0
8931,ISIS PEPPERMINT 12 FILTER,ايزيس نعناع 12 فلتر,17.5
173,TRIACTIN TABS 4 MG 20,تراياكتين 20 قرص,46.0
8,AUGMENTIN 1 G 14 TAB,اوجمنتين 1 جم 14 قرص,210.0
1232,FLUCA EYE DROPS 5 ML,فلوكا قطرة عين 5 مل,45.5
2442,ZYROVAZET 10MG/20 MG 30 TAB,زيروفازيت 10/20مجم 30 قرص,294.0
3,CONTROLOC 40 MG 14 TAB,كونترولوك 40 مجم 14 قرص,188.0
720,ELICA-M CREAM 30 GM,اليكا-ام كريم 30 جم,52.0
1237,ANALLERGE 4 MG 60 TAB,اناليرج 4 مجم 60 قرص,30.0
9942,GABIMASH 800 MG 30 TAB,جابيماش800 مجم 30 قرص,216.0
2,CLEXANE 40 MG/0.4 ML 2 PREFILLED SYRINGE,كليكسان 40مجم/0.4مل 2 سرنجة للحقن تحت الجلد,311.0
256,MUCOPHYLLINE SYRUP 125 ML,ميوكوفيللين شراب 125 مل,50.0
5805,ZITHROMAX 500 MG 3 TAB,زيثروماكس 500 مجم 3 قرص,160.0
7,ALPHINTERN 30 TAB,الفينترن 30 قرص,87.0
122,MILGA ADVANCE 30 TAB,ميلجا ادفانس 30 قرص,150.0
11184,MOMENTA CREAM 30 GM,مومينتا كريم 30 جم,55.0
12653,SODIUM CHLORIDE-INTRAPHARM 0.9% INFUSION 500 ML ,محلول ملح وريد 0.9% 500 مل - انترافارم,29.5
182,ELIQUIS 2.50 MG 20 TAB,اليكويس 2.5 مجم 20 قرص,406.0
16,HIBIOTIC 1 G 16 TAB,هاى بيوتك 1 جم 16 قرص,173.0
32,LANTUS SOLOSTAR 100 I.U./ ML 5 PENS,لانتوس سولوستار 300 وحدة 5 قلم,1244.0
1006,PROXIMOL COMPOUND GRANULES 60 GM,بروكسيمول مركب فوار 60 جم,52.0
10672,PANADOL ADVANCE 500 MG 48 TAB,بانادول ادفانس 500 مجم 48 قرص,92.0
9759,ASPIRIN PROTECT 100 MG 30 TAB,اسبرين بروتكت 100 مجم  30 قرص,78.0
309,METHYLTECHNO 1000 MCG 30 O.D.F,ميثايلتكنو 1000مكجم 30 فيلم سريع الذوبان,135.0
11721,PANADOL ACUTE HEAD COLD 20 TAB,بانادول اكيوت هيد كولد 20 قرص,62.0
10145,NIGHT CALM 3 MG 30 TAB,نايت كالم 3 مجم 30 قرص,105.0
1226,PROPAMETHONE CREAM. 20 GM,بروباميثون كريم 20 جم,30.0
110,BEBELAC 1 MILK 400 GM,بيبيلاك 1 لبن 400 جم,300.0
114,OSTEOCARE 30 TAB,اوستيوكير 30 قرص,150.0
93,NEXIUM 40 MG 28 TAB,نكسيام 40 مجم 28 قرص,488.0
170,XITHRONE 500 MG 3 TAB,زيثرون 500 مجم 3 اقراص,63.0
1956,DIAMICRON MR 60 MG 30 TAB,دياميكرون ام آر 60 مجم 30 قرص,108.0
345,PHENADONE SYRUP 100 ML,فينادون شراب 100 مل,37.0
35,GALVUS MET 1000 MG/50 TAB,جالفس ميت 50/1000 مجم 30 قرص,238.0
19,JANUMET 50/1000 MG 50 TAB,جانوميت 50/1000 مجم 56 قرص,674.0
254,CIALIS 20 MG 4 TAB,سيالس 20 مجم 4 قرص,474.0
66,DAFLON 500 MG 30 TAB,دافلون 500 مجم 30 قرص,190.0
162,ZYRTEC 10 MG 20 TAB,زيرتيك 10 مجم 20 قرص,100.0
10148,THIOTACID COMPOUND 600 MG 30 CAP,ثيوتاسيد مركب 600 مجم 30 كبسول,249.0
274,BRUFEN 600 MG 30 TAB,بروفين 600 مجم 30 قرص,99.0
61,FORXIGA 10 MG 28 TAB,فورسيجا 10 مجم 28 قرص,602.0
1023,CONTAFEVER N 200 MG/5ML SYRUP 120 ML,كونتافيفر ان 200مجم/5مل شراب معلق 120 مل,33.0
8768,LIMITLESS ALLZYME MAX 20 TAB,ليمتلس الزايم ماكس 20 قرص,145.0
167,AVEROZOLID 600 MG 10 TAB,افيروزوليد 600 مجم 10 قرص,231.0
258,DIFLUCAN 150 MG 1 CAP,ديفلوكان 150 مجم 1 كبسول,77.0
1639,PROXIMOL 40 MG 40 TAB,بروكسيمول 0.4 مجم 40 قرص,34.0
62,FORADIL 12 MCG 30 INHALE CAP,فوراديل 30 كبسول للاستنشاق,560.0
67,TAMSULIN RETARD 0.4 MG 28 CAP,تامسولين 0.4 مجم 28 كبسول,124.0
9827,ZYROVAZET 10/40 MG 30 TAB,زيروفازيت 10/40مجم 30 قرص,456.0
168,ENTRESTO 100 MG (51/49) 28 TAB,انتريستو 100 مجم 28 قرص,1700.0
2911,LIMITLESS WOMAN MX 30 TAB,ليمتلس للسيدات ماكس 30 قرص,240.0
8767,LIMITLESS OMEGA-3 FISH OIL 2000MG 30 CAP,ليمتلس اوميجا-3 2000 مجم 30 كبسولة,198.0
894,PERFECTIL 30 TAB TAB,بيرفيكتيل اوريجينال 30 قرص,260.0
1018,SPASMOREST 20 MG 20 TAB,سبازمورست 20 مجم 20 قرص,19.0
183,FEMARA 2.50 MG 30 TAB,فيمارا 2.5مجم 30 قرص,759.0
9958,CONVENTIN 800 MG 30 TAB,كونفنتين 800 مجم 30 قرص,171.0
25,CONCOR 5 MG 30 TAB,كونكور 5 مجم  30 قرص,72.0
108,CLAVIMOX 1 G 12 TAB,كلافيموكس 1 جم 12 قرص,130.0
493,RANI-F 20 MG 6 SACHETS,رانى - ف 20 مجم فوار 6 كيس,42.0
251,CALCITRON 30 CAP,كالسيترون 30 كبسول,132.0
78,EPOETIN -SEDICO 4000 I.U./ML VIAL.,ايبوتين - سيديكو 4000 وحدة دولية فيال,196.0
10175,NOTUSSIL SUSP. 120 ML,نوتوسيل 4مجم/مل شراب معلق 120 مل,71.0
145,CAL-MAG 30 TAB,كال - ماج 30 قرص,147.0
1011,MERONEM 1 GM I.V. VIAL,ميرونيم 1 جم فيال,385.0
70,VASTAREL MR 35 MG 30 TAB,فاستاريل ام ار 35 مجم 30 قرص,175.0
100,EXFORGE HCT 5/160/12.5 MG 14 TAB,اكسفورج اتش سي تي 5/160/12.5 مجم 14 قرص,270.0
1355,ZYROVAZET 10MG/10 MG 30 TAB,زيروفازيت 10/10مجم 30 قرص,216.0
136,CLEXANE 80 MG/0.8 ML 2 PREFILLED SYRINGE,كليكسان 80مجم/0.8مل 2 حقنة للحقن تحت الجلد,417.0
92,CRESTOR 10 MG 28 TAB,كريستور 10 مجم 28 قرص,368.0
829,ONDALENZ 8 MG 5 O.D.F,اوندالينز 8 مجم 5 فيلم سريع الذوبان بالفم,265.0
324,GENUPHIL ORIGENAL 50 TAB,جينوفيل اوريجينال 50 قرص,260.0
18,CLEXANE 60 MG/0.6 ML 2 PREFILLED SYRINGE,كليكسان 60مجم/0.6مل 2 سرنجة للحقن تحت الجلد,367.0
85,BRUFEN 400 MG 30 TAB,بروفين 400 مجم 30 قرص,78.0
89,ENTRESTO 50 MG (26/24) 28 TAB,انتريستو 50 مجم 28 قرص,1700.0
282,CIALIS 20 MG 2 TAB,سيالس 20 مجم 2 قرص,237.0
33,CEREBROLYSIN 215.2 MG/ML I.M./I.V. AMP 5 * 5 ML,سريبروليسين 215.2 مجم / مل 5 امبول عضل أو وريد 5 مل,740.0
157,ORLY 120 MG 30 CAP,اورلي 120 مجم 30 كبسول,240.0
196,PRONTOGEST 400 MG 30 VAGINAL PESSARIES,برونتوجيست 400 مجم 30 قمع,372.0
50,CONGESTAL 20 TAB,كونجيستال 20 قرص,50.0
521,PARAMOL 500 MG 20 TAB,بارامول 500 مجم 20 قرص,25.0
125,PULMICORT 0.5 MG/ ML 20 NEBULIZER VIAL,بالميكورت 0.5 مجم/ مل 20 امبول للاستنشاق,752.0
3283,LIMITLESS MAN MAX 30 TAB,ليمتلس مان ماكس 30 قرص,240.0
1120,LAMIFEN 1%CREAM 15 GM,لاميفين 1% كريم 15 جم,18.0
201,FEMOGESAL 21 TAB,فيموجيسال 0.03/0.075 مجم 21 قرص,76.0
3049,ACYCLOVIR-MISR 5%TOPICAL CREAM 10 GM,اسيكلوفير 5% كريم 10 جم,25.75
37,GYNERA 21 TAB,جينيرا 21 قرص,124.0
403,DEVAROL S 200.000 I.U/2 ML 1 I.M AMP.,ديفاورل-اس 200.000 وحدة دولية / 2 مل  1 امبول,34.0
545,HERO BABY 1 MILK 400 GM,هيرو بيبي 1 لبن 400 جم,249.0
10269,CIPRA-PRO 10 MG 30 TAB,سيبرا-برو 10مجم 30 قرص,237.0
12627,GLUCOSE 5%-INTRAPHARM INFUSION 500 ML,جلوكوز محلول وريد 500 مل انترافارما,20.0
922,IVYROSPAN 35 MG/5ML SYRUP 100 ML,ايفيروسبان شراب 100 مل,55.0
47,CONCOR 5 PLUS 5 MG 30 TAB,كونكور بلس 5/12.5مجم 30 قرص,72.0
336,DECANCIT S.R 20 TAB,ديكانسيت اس آر 20 قرص,42.0
158,ACETYLCISTEIN 600 MG 10 SACHET,استيل سستايين 600 مجم فوار 10 كيس,70.0
306,OMNIC OCAS 0.4 MG 30 TAB,اومنيك اوكاس 0.4 مجم 30 قرص ممتد المفعول,282.0
354,PANTOGAR 90 CAP,بانتوجار 90 كبسولة,243.0
10140,LIMITLESS OSSOFORTIN D3 (5.000 I.U.) 30 TAB,ليمتليس اوسوفورتين دى3-5000 وحدة 30 قرص,115.0
10791,VIRECTA 100 MG 12 TAB,فايركتا 100 مجم 12 قرص,132.0
109,BEBELAC 2 MILK 400 GM,بيبيلاك 2 لبن 400 جم,300.0
98,NOVORAPID 100 I.U./ ML 5 FLEXPEN,نوفورابيد 100 وحده 5 قلم,1260.0
128,FLUMOX 500 MG 16 CAP,فلوموكس 500 مجم 16 كبسول,71.0
8786,FERTITONEX 30 CAP,فرتيتونكس 30 كبسول,300.0
852,ZURCAL 40 MG 28 TAB,زوركال 40 مجم 28 قرص,192.0
307,ASPOCID PEDIATRIC 75 MG 30 CHEWABLE TAB,اسبوسيد اطفال 75 مجم 30 قرص مضغ,22.5
131,EXFORGE HCT 10/160/25 MG 14 TAB,اكسفورج اتش سى تى 10/25/160 مجم 14 قرص,270.0
402,OMNEVORA I.M. AMP. 8 * 2 ML,اومنيفورا 8 امبول,128.0
9853,STREPTOQUIN 20 TAB,ستربتوكين 20 قرص,46.0
10964,PANADOL EXTRA 48 TAB,بانادول اكسترا 48 قرص,108.0
380,DICLAC 75 MG 20 TAB,ديكلاك 75 مجم 20 قرص,90.0
74,SYSTANE ULTRA EYE DROP 10 ML,سيستان الترا قطرة عين 10 مل,320.0
9768,LIMITLESS MILGA MAX 30 TAB,ليمتلس ميلجا ماكس 30 قرص,248.0
375,CO-TAREG 80 MG 14 TAB,كو-تارج 80/12.5مجم 14 قرص,132.0
181,DEPAKINE CHRONO LA 500 MG 30 TAB,ديباكين كرونو 500 مجم 30 قرص,144.0
289,EXFORGE 5 MG/160 14 TAB,اكسفورج 5/160 مجم 14 قرص,218.0
151,C-RETARD 500 MG 10 CAP,سي ريتارد 500 مجم 10 كبسول,35.0
298,HELI-CURE 14 TAB,هيليكيور 14 قرص,105.0
10671,CRESTOR 20 MG 28 TAB,كريستور 20 مجم 28 قرص,600.0
107,CONTROLOC 40 MG I.V. VIAL,كونترولوك 40 مجم فيال,146.0
99,MEGAMOX 1 G 14 TAB,ميجاموكس 1 جم 14 قرص,178.0
55,GABIMASH TABS 800 MG 20,جابيماش 800 مجم 20 قرص,71.0
72,ANTODINE 40 MG 30 TAB,انتودين 40 مجم 30 قرص,93.0
10234,RYBELSUS 14 MG 10 TAB,ريبلسس 14 مجم 10 قرص,1575.0
161,ZISROCIN 500 MG 3 CAP,زيثروسين 500 مجم 3 كبسولة,71.0
13736,SOMATROPIN 4 I.U VIAL,سوماتروبين 4 وحدة دولية  فيال,321.0
13,CEFOTAX 1 GM I.M./I.V VIAL,سيفوتاكس 1 جم فيال عضل او وريد ايبيكو,43.0
271,BRILIQUE 90 MG 56 TAB,بريليك 90 مجم 56 قرص,478.0
851,PANTHENOL 2%CREAM 50 GM,بانثينول 2 % كريم 50 جم,60.0
648,SUPRAX 100 MG/5 ML SUSP. 60ML,سوبراكس 100مجم / 5 مل شراب معلق 60 مل,131.0
9753,VONASPIRE 20 MG 14 TAB,فوناسبير 20 مجم 14 قرص,104.0
244,YASMIN 21 TAB,ياسمين 0.03/3مجم 21 قرص,205.0
382,KLACID 500 MG 14 TAB,كلاسيد 500 مجم 14 قرص,257.0
669,MAALOX LEMON 20 SACHETS,مالوكس 20 اكياس ليمون,120.0
278,GANATON 50 MG 30 TAB,جاناتون 50 مجم 30 قرص,90.0
148,ROWATINEX 45 CAP,رواتينكس 45 كبسولة,72.0
698,VARDENORECT 20 MG 8 TAB,فاردينوريكت 20 مجم 8 قرص,60.0
641,ERASTAPEX TRIO 5/20/12.5 MG 30 TAB,ايراستابكس تريو 5/20/12.5 مجم 30 قرص,114.0
2941,SALIBET OINT. 30 GM,ساليبت مرهم 30 جم,29.0
488,TUSSKAN SYRUP 100 ML,توسكان شراب 100 مل,24.0
389,EXFORGE 10 MG/160 14 TAB,اكسفورج 10/160 مجم 14 قرص,218.0
119,CEFAXONE V.IM 1 G 1,سيفاكسون 1 جرام عضل,69.0
140,CONCOR COR 2.50 MG 30 TAB,كونكور كور 2.5 مجم 30 قرص,60.0
606,BETASERC 24 MG 40 TAB,بيتاسيرك 24 مجم 40 قرص,218.0
260,TAVACIN 500 MG 5 TAB,تافاسين 500 مجم 5 قرص,90.0
486,TAREG 80 MG 14 TAB,تارج 80 مجم 14 قرص,148.0
846,SYNJARDY 12.5 MG / 1000 MG 60 TAB,سينجاردي 12.5/1000 مجم 60 قرص,870.0
216,CURAM 1 G 12 TAB,كيورام 1 جم 12 قرص,182.0
9775,TULANGO-SLIM 30 CAP,تولانجو سليم 30 كبسول,240.0
349,CH-ALPHA PLUS 10 SACHET,سى اتش الفا بلس 10 كيس,350.0
9006,JOINTA 30 TAB,جوينتا 30 قرص,340.0
283,ATOREZA 10 MG/20 21 TAB,اتوريزا 10/20 مجم 21 قرص,141.0
224,CIPRALEX 10 MG 28 TAB,سيبراليكس 10 مجم 28 قرص,392.0
81,TRESIBA FLEXTOUCH 100 I.U./ ML PRE-FILLED PEN,تريسيبا فليكس تاتش 100 وحدة دولية قلم جاهز,550.0
635,AUGMENTIN ES-600 SUSP. 75 ML,اوجمنتين اى اس 600مجم/5مل شراب معلق 75 مل,169.0
363,POLYFRESH 0.2%EYE DROPS 10 ML,بولي فريش 2مجم / مل قطرة عين 10 مل,63.0
777,OPTAMINESS 150 TAB,اوبتامينس 150 قرص,990.0
317,CO-TAREG 160/12.5 MG 14 TAB,كوتارج 160/12.5مجم 14 قرص,150.0
340,PULMICORT 0.25 MG/ ML 20 NEBULIZER VIAL,بالميكورت 0.25 مجم/ مل 20 امبول للاستنشاق,564.0
798,ASMAKAST 10 MG 30 TAB,ازماكاست 10 مجم 30 قرص,156.0
9781,MOIST-1 CREAM 100 ML,مويست-1 كريم 100 جم,149.0
412,SUPRAX 400 MG 5 CAP,سوبراكس 400 مجم 5 كبسول,159.0
746,ENSURE -VANILLA POWDER 400 GM,انشور بودر فانيليا 400 جم,476.2
440,APIDRA SOLOSTAR 100 I.U./ML 5 PREFILLED PEN,ابيدرا سولوستار 100 وحدة دولية/مل 5 اقلام,676.0
644,SANSO D3 10000 IU 28 TAB,سانسو د3 10.000 وحدة دولية 28 قرص,180.0
825,SYMBICORT 160/4.5 MCG/DOSE TURBUHALER 120 DOSE,سيمبيكورت 160 مجم 120 جرعة استرازنيكا,332.0
398,REGIMAX 120 MG 30 CAP,رجيماكس 120 مجم 30 كبسول,240.0
9769,NACTALIA 1 MILK 400 GM,نكتاليا 1 لبن 400 جم,240.0
165,GAST-REG 200 MG 30 TAB,جاست-ريج 200 مجم 30 قرص,84.0
391,SUPRAX 100 MG/5 ML SUSP. 30ML,سوبراكس 100 مجم / 5 مل شراب معلق 30 مل,95.0
217,ANTINAL 200 MG 24 CAP,انتينال 200 مجم 24 كبسولة,52.0
235,MOTILIUM 10 MG 40 TAB,موتيليوم 10 مجم 40 قرص,100.0
245,NEVILOB 5 MG 14 TAB,نيفيلوب 5 مجم 14 قرص,44.0
236,CIPRODIAZOLE 20 TAB,سيبروديازول 500/500مجم 20 قرص,148.0
442,LIDOCAINE 10% SPRAY 15 ML,ليدوكايين 10% سبراى,26.0
567,PANADOL MIGRAIN 30 TAB,بنادول مايجرين 30 قرص,51.0
2413,MARNYS NEOCARBON 30 CAP,مارنيز نيوكاربون 30 كبسول,185.0
1105,PROZAC 20 MG 14 CAP,بروزاك 20 مجم 14 كبسولة,89.0
405,APIDONE SYRUP 125 ML,ابيدون شراب 125 مل,24.0
155,URIVIN 10 SACHETS,يوريفين فوار 10 كيس,31.0
1820,CEREBROMAP 200 MG 30 CAP,سيريبروماب 200 مجم 30 كبسول,225.0
124,KENACOMB CREAM 15 GM,كيناكومب كريم 15 جم,21.5
126,GLUCOPHAGE XR 1000 MG 30 TAB,جلوكوفاج اكس آر 1000 مجم 30 قرص,75.0
1313,BETADERM 0.1%CREAM 30 GM,بيتاديرم 0.1% كريم 30 جم,15.0
11905,EMPACOZA TRIO XR 25/5/1000 MG TAB,ايمباكوزا تريو اكس ار 25/5/1000 مجم قرص,396.0
674,PREGNACARE 30 TAB,بريجناكير 30 قرص,200.0
13958,BIOLEGAM 100/60 MG 8 TAB,بايولجام 100/60 مجم 8 قرص,192.0
9780,PECTOL-ORANGE + VIT.C LOZENGES 8 * 24 STRIP,بيكتول برتقال,600.0
264,TOUJEO SOLOSTAR 300 I.U./ ML 3 PENS,توجيو سولوستار 300 وحدة دولية/1.5مل 3 قلم,993.0
418,PROLIA 60 MG 1 PREF.SYRINGE,بروليا 60مجم محلول معد للحقن ثلاجة,5174.0
546,BECOZYME I.M./I.V 12 AMP,بيكوزيم 12 امبولة عضل او وريد,120.0
3995,STREPSILS HONEY & LEMON 24 LOZENGES,ستربسلز عسل و ليمون 16 قرص استحلاب,170.0
549,MELLITOFIX MET 12.5/1000 MG 30 TAB,ميليتوفكس مت 12.5/1000 مجم 30 قرص,214.5
10238,RYBELSUS 7 MG 10 TAB,ريبلسس 7 مجم 10 قرص,1575.0
240,NASONEX .05%NASAL SPRAY 120 DOSE,نازونكس بخاخ بالأنف 120 جرعة,157.0
817,DUODART 0.5 MG 30 CAP,ديودارت 0.4/0.5مجم 30 كبسول,327.0
1122,SCARO GEL 50 GM,سكارو جيل 50 جم,850.0
3080,XIGDUO 5MG/1000 MG 56 TAB,زيجدو 5 / 1000 مجم 56 قرص,496.0
602,BEBELAC EC MILK 400 GM,بيبيلاك اى سى لبن 400 جم,330.0
9949,DAFLON 1000 MG 30 TAB,دافلون 1000 مجم 30 قرص,285.0
41,CEFTRIAXONE-SANDOZ 1 GM I.M. VIAL,سيفترياكسون - ساندوز 1 جم فيال عضل,95.0
675,DIAMONRECTA 20 MG 4 TAB,ديامونركتا 20 مجم 4 قرص,140.0
5487,CARNIVITA ADVANCE MEN 30 SACHETS,كارنيفيتا ادفانس للرجال 30 كيس,395.0
1234,MELANOFREE CREAM 30 GM,ميلانوفري كريم 30 جم,74.0
916,HERO BABY 2 MILK 400 GM,هيرو بيبي 2 لبن 400 جم,249.0
915,GAVISCON ADVANCE PEPPERMENT 24 SACHET,جافيسكون ادفانس 10 مل 24 اكياس,144.0
352,HERO BABY NUTRADEFENSE PLUS 1 MILK 400 GM,هيرو بيبي نيوتراديفينس بلس 1 لبن 400 جم,319.0
348,FLUMOX 1000 MG 15 TAB,فلوموكس 1000 مجم 15 قرص,92.0
400,ZINCTRON 30 CAP,زنكترون 30 كبسولة,126.0
8773,POLYFRESH ADVANCED EYE DROP 10 ML,بولي فريش ادفانسد قطرة عين 10 مل,125.0
192,TOBRADEX EYE DROPS 5 ML,توبراديكس قطرة عين 5 مل,52.0
647,TAREG 40 MG 15 TAB,تارج 40 مجم 15 قرص,150.0
2031,REGAINE EXTRA STRENGTH 5%FOAM 73 ML,ريجين 5% فوم 60 مل ثلاجة,610.0
781,RYZODEG FLEXTOUCH 100 I.U. / ML PRE-FILLED PEN,ريزوديج فليكس تاتش 100 وحدة دولية 1 قلم,618.0
9923,WELLMAN ORIGINAL 30 TAB,ويلمان اوريجينال 30 قرص,160.0
270,SACROFER 100 MG/5 ML I.V 5 AMP,سكروفير 100مجم/ 5 مل 5 امبول,275.0
350,MOXIFLOX 400 MG 10 TAB,موكسيفلوكس 400 مجم 10 قرص,180.0
341,VOLTAREN 1%EMULGEL 50 GM,فولتارين 1% ايملجيل 50 جم,68.0
395,ROYAL VIT G 20 CAP,رويال فيت جي 20 كبسول,90.0
1865,ESMATAC 40 MG 28 CAP,ازماتك 40 مجم 28 كبسول,144.0
895,LAMICTAL 100 MG 30 TAB,لاميكتال 100 مجم 30 قرص,146.5
8547,GENUPHIL ADVANCE 30 SACHETS,جينوفيل ادفانس 30 كيس,745.0
4496,EPICOPRED 20 MG 20 ORO-DISPERSIBLE TAB,ابيكوبرد 20 مجم 20 قرص سريع الذوبان بالفم,104.0
1069,SODIUM CHLORIDE- FIPCO 0.9%INFUSION 500 ML,محلول ملح -الفتح 0.9 % 500 مل,24.0
923,DEXAZONE 0.5 MG 60 TAB,ديكسازون 0.5 مجم 60 قرص,51.0
571,CO-TAREG 160 MG 28 TAB,كوتارج 160/12.5 مجم 28 قرص,300.0
1398,KEPPRA 500 MG 30 TAB,كيبرا 500 مجم 30 قرص,356.0
9955,CENTRUM SILVER WITH LUTEIN ADULT 100 TAB,سنترم سيلفر مع لوتين للكبار 100 قرص,740.0
983,ZITHROMAX 1200 MG/30 ML SUSP. 30 ML,زيثروماكس 1200مجم/30مل شراب معلق,126.0
799,BETOLVEX 1 MG/ML 2 PRE-FILLED SYRINGE .,بيتولفكس 1مجم/مل 2 سرنجة للحقن عضل,110.0
1597,PENTAMIX SYRUP 120 ML,بنتامكس شراب 120 مل,49.0
262,PROCORALAN 5 MG 28 TAB,بروكورلان 5 مجم 28 قرص,246.0
9755,TIRATAM 500 MG 30 TAB,تيراتام 500 مجم 30 قرص,222.0
982,GINKGO BILOBA 260 MG 30 CAP,جنكوبيلوبا ( برين باور ) 30 كبسول,129.0
1458,HERO BABY NUTRASENSE 1 400 GM,هيرو بيبي نيوتراسينس 1 لبن 400 جم,349.0
1467,IVERZINE 1%LOTION 60 ML,ايفرزين 1 % لوسيون 60 مل,52.0
197,URSOFALK 250 MG 20 CAP,اورسوفالك 20 كبسول,122.0
194,UROSOLVINE 12 SACHETS,يوروسولفين حبيبات فوارة 12 كيس,34.0
10222,MOVENTOR 20 TAB,موفينتور 20 كبسول,390.0
328,PEPZOL 40 MG 14 CAP,بيبزول 40 مجم 14 كبسولة,81.0
9833,CHOLEROSE PLUS 10/20 MG 28 TAB,كوليروز بلس 10/20 مجم 28 قرص,276.0
9971,E-MOXCLAV 642.9 MG/5 ML SUSP. 75 ML,ايموكسكلاف 642.9 مجم / 5 مل شراب معلق 75 مل,73.0
1004,ZOVIRAX DS 400 MG/5 ML SUSP. 100 ML,زوفيراكس مضاعف القوة 400مجم/5مل شراب معلق 100 مل,96.0
1770,PROSTANORM 30 CAP,بروستانورم 30 كبسول,165.0
39,MIRAGE 1 GM I.V. VIAL,ميراج 1 جم فيال وريد,251.0
574,TRAJENTA 5 MG 30 TAB,تراجينتا 5 مجم 30 قرص,501.0
556,PERFORMA EXTRA STRENGTH 5%SOLUTION 60 ML,بيرفورما اكسترا 5 % محلول 60 مل,156.0
406,BEPANTHEN CREAM 30 GM,بيبانثين كريم 30 جم,207.5
917,PRUCASOFT 2 MG 14 TAB,بروكاسوفت 2 مجم 14 قرص,118.0
228,URSOPLUS 20 CAP,اورسو بلس 20 كبسول,93.0
607,APTAMIL 1 MILK 400 GM,ابتاميل 1 لبن 400 جرام,370.0
914,IRUXOL OINT. 15 GM,ايروكسول مرهم 15 جم,109.0
650,QUITAPEX 25 MG 30 TAB,كويتابكس 25 مجم 30 قرص,87.0
14264,NERVIZAM 30 CAP,نيرفيزام 30 كبسول,335.0
159,REPARIL- N GEL 40 GM,ريباريل ان جيل 40 جم,58.0
497,EZACARD 75 MG 30 TAB,ايزاكارد 75 مجم 30 قرص,33.0
2916,PURGATON 20 MG 30 TAB,برجاتون 20 مجم 30 قرص,45.0
722,FUCIDIN 2%CREAM 20 GM,فيوسيدين 2 % كريم 20 جم,37.0
38,IMMUNO-MASH 30 TAB,اميونو-ماش 30 قرص,90.0
14384,GLUCOSE 5% & SODIUM CHLORIDE-INTRAPHARM 0.9% INFUSION 500 ML,جلوكوز 5% & محلول ملح محلول وريد 500 مل انترافارم,35.0
671,ANSELACOX 90 MG 30 TAB,انسيلاكوكس 90 مجم 30 قرص,235.5
1008,DOXIUM 500 MG 30 CAP,دوكسيوم 500 مجم 30 كبسول,275.0
1291,BETMIGA 50 MG 30 TAB,بيتميجا 50 مجم 30 قرص,562.0
10130,LINEX ADULT 14 CAP,لينكس للبالغين 14 كبسولة,200.0
401,ARCOXIA 90 MG 14 TAB,اركوكسيا 90 مجم 14 قرص,239.0
2584,URECARE 10%CREAM 30 GM,يوريكير 10% كريم 30 جم,15.5
434,SAXENDA 18 MG/ 3 ML S.C 1 PRE-FILLED PEN,ساكسندا 18مجم/3 مل 1 قلم جاهز للحقن تحت الجلد,1970.0
3199,ALPHAVIM 600 20 CAP,الفافيم 600 مجم 20 قرص,290.0
409,ZOLADEX LA 10.8 MG PREF.SYRINGE,زولادكس 10.8 مجم سرنجة معبأة للحقن,4813.0
1797,TAREG 160 MG 28 TAB,تارج 160 مجم 28 قرص,320.0
3385,SLEEPEZ 3 MG 30 TAB,سليبيز 3 مجم 30 قرص,81.0
445,NETLOOK 20 MG 20 CAP,نت لوك 20 مجم 20 كبسول,274.0
11765,DICLOPRO 150 MG ID 20 TAB,ديكلوبرو 150 مجم 20 قرص,106.0
855,GARAMYCIN 0.1%CREAM 15 GM,جاراميسين 0.1 % كريم 15 جم,22.0
1873,DIGLIFLOZ 10 MG 30 TAB,ديجليفلوز 10 مجم 30 قرص,318.0
1085,MAVILOR 5 MG 30 TAB,مافيلور 5 مجم 30 قرص,105.0
189,CELLCEPT 500 MG 50 TAB,سيلسيبت 500 مجم 50 قرص,1460.0
739,BLINK EYE DROP 10 ML,بلينك انتينسيف تيرز نقط عين 10مل,280.0
303,BETADINE ANTISEPTIC 10%SOLUTION 60 ML,بيتادين 10% محلول مطهر 60 مل موندى,55.0
2177,PERFECTODIL 5% TOPICAL SOLUT. 60 ML,بيرفيكتوديل 5 % محلول موضعي 60 مل,97.0
208,VOLTAREN 75 MG/3 ML I.M./I.V. 6 AMP.,فولتارين 75مجم / 3 مل 6 امبول حقن,102.0
1302,AZELAST PLUS 125/50 MCG NASAL SPRAY 25 ML,ازيلاست بلس 125/50 مكجم سبراى بالأنف 25 مل,102.0
638,AUGRAM 1 G 14 TAB,اوجرام 1 جم 14 قرص,152.0
628,CONVENTIN 100 MG 30 CAP,كونفنتين 100 مجم 30 كبسول,54.0
437,GASTROBIOTIC 550 MG 30 TAB,جاستروبيوتك 550 مجم 30 قرص,516.0
729,IKSARONT 5 MG 30 TAB,اكسارونت 5 مجم 30 قرص,357.0
304,DIVIDO 75 MG 30 CAP,ديفيدو 75 مجم 30 كبسول,141.0
450,DECLOPHEN 75 MG/3 ML 3 AMP.,ديكلوفين 75 مجم / 3 مل 3 امبول,36.0
659,KETOSTERIL 100 TAB,كيتوستريل 100 قرص,675.0
115,UNICTAM 1.5 GM I.M/I.V. VIAL,يونيكتام 1.5 جم فيال,39.0
408,PRISOLINE EYE/NASAL DROPS 15 ML,بريزولين نقط 15 مل,23.0
594,PEPTIC CARE 14 TAB,ببتك كير 14 قرص,230.0
344,BETADINE ANTISEPTIC 10%SOLUTION 120 ML,بيتادين محلول مطهر 10% 120 مل موندى,80.0
1223,EFEXOR XR 150 MG 14 CAP,افيكسور اكس آر 150 مجم 14 كبسول,175.0
238,KETOFAN 50 MG 20 CAP,كيتوفان 50 مجم 20 كبسول,20.0
1136,BLADOGRA 50 MG 30 TAB,بلادوجرا اكس ار 50 مجم 30 قرص,357.0
308,VITACID C 1 G 12 EFF. TAB,فيتاسيد سي 1 جم فوار 12 قرص,36.5
1007,ENTRESTO 200 MG (103/97) 56 TAB,انتريستو 200 مجم 56 قرص,3559.0
233,CAL HEPARINE 5000 I.U. 3 AMP,كال-هيبارين 5000 وحدة دولية 3 امبول,142.0
281,HIBIOTIC N 600 MG SUSP. 80 ML,هاي بيوتك ان 600مجم/5مل شراب معلق 80 مل,92.0
1020,SIRDALUD 4 MG 20 TAB,سيردالود 4 مجم 20 قرص,70.0
80,LANTUS 100 I.U./ ML 5 CARTRIDGE,لانتوس 100 وحدة 5 خرطوشة,1107.0
1449,XILONE FORTE 15 MG/5ML SYRUP 100 ML,زيلون فورت 15 مجم/5 مل شراب 100 مل,69.0
9770,NACTALIA 2 MILK 400 GM,نكتاليا 2 لبن 400 جم,240.0
1567,FARMACTIVE SILVER SPRAY 125 ML,فارماكتيف سيلفر بخاخ 125 مل,699.0
510,VOLTAREN 1%EMULGEL 25 GM,فولتارين 1% ايملجيل 25 جم,39.0
563,JARDIANCE 25 MG 30 TAB,جارديانس 25 مجم 30 قرص,626.0
480,IKSARONT 2.50 MG 30 TAB,اكسارونت 2.5 مجم 30 قرص,330.0
725,AUGMENTIN 457 MG/5 ML SUSP. 70 ML,اوجمنتين 457مجم/5مل شراب معلق 70 مل,137.0
218,RIVO 320 MG 200 TAB,ريفو 320 مجم 200 قرص,141.0
1406,XOLAMOL EYE DROPS 5 ML,زولامول قطرة عين 5 مل,82.0
5967,TIRATAM 1000 MG 30 TAB,تيراتام 1000 مجم 30 قرص,288.0
413,VIGAMOX EYE DROPS 0.5 % 5 ML,فيجاموكس 0.5 % قطرة عين 5 مل,88.0
203,CHOLEROSE 10 MG 21 TAB,كوليروز 10 مجم 21 قرص,102.0
1168,DIACURIMAP 25 MG 30 TAB,دياكيوريماب 25 مجم 30 قرص,204.0
40,XORAXON 1 GM I.M VIAL,زوراكسون 1 جم فيال عضل,39.0
1661,QUADRIDERM CREAM 30 GM,كوادريديرم كريم 30 جم,48.0
429,TRULICITY 1.5MG/0.5 ML 4  PRE-FILLED PENS,تروليسيتي 1.5مجم/0.5مل 4 قلم جاهز للحقن,3250.0
10659,SHAAN BODY MILK 300 ML,شان لوشن للجسم 300 مل,200.0
931,CYSTONE 60 TAB,سيستون 60 قرص,98.0
1184,NORVASC 10 MG 15 TAB,نورفاسك 10 مجم 15 قرص,96.0
12017,VITATRON 30 CAP,فيتاترون 30 كبسول,150.0
1173,DOWNOPRAZOL 40 MG 7 SACHETS,داونوبرازول 40/1680 مجم 7 كيس,42.0
255,FUCICORT CREAM 15 GM,فيوسيكورت كريم 15 جم,32.0
1687,OMEGAPRESS 0.2 MG 30 TAB,اوميجا برس 0.2 مجم 30 قرص,411.0
207,MEBO 0.25% OINT. 15 GM,ميبو 0.25 % مرهم 15 جم,109.0
461,HERO BABY NUTRADEFENSE PLUS 2 MILK 400 GM,هيرو بيبي نيوتراديفينس بلس 2 لبن 400 جم,319.0
532,ATACAND PLUS 16/12.5 MG 14 TAB,اتاكاند بلس 16/12.5مجم 14 قرص,116.0
515,FLAGYL 125 MG/5 ML SUSP. 100 ML,فلاجيل 125 مجم / 5 مل شراب معلق 100 مل,16.0
9779,PECTOL-LEMON +VIT.C FRESH LOZENGES 8 * 24 STRIP,بيكتول ليمون,600.0
1061,HERO BABY DIGEST MILK 400 GM,هيرو بيبي دايجست لبن 400 جم,329.0
332,FEBURIC 80 MG 30 TAB,فبيوريك 80 مجم 30 قرص,139.5
619,SYMBICORT 320/9 MCG TURBUHALER 60 DOSE,سيمبيكورت 320/9مكجم تربوهيلر 60 جرعة,332.0
11877,BIOLEGAM 100/60 MG 4 TAB,بايولجام 100/60 مجم 4 قرص,96.0
10929,MAALOX PLUS ORAL SUSP. 250 ML,مالوكس بلس شراب معلق 250 مل,100.0
1217,PANTHENOL 2%CREAM 20 GM,بانثينول 2 % كريم 20 جم,28.0
1062,CLOZAPEX 100 MG 50 TAB,كلوزابكس 100 مجم 50 قرص,135.0
10191,VONACIDAN 20 MG 20 TAB,فوناسيدان 20 مجم  20 قرص,138.0
11763,DIACURIMAP PLUS 25/5 MG 30 TAB,دياكيوريماب بلس 25/5 مجم 30 قرص,354.0
5015,EPICOPRED 5 MG 30 ORO-DISPERSIBLE TAB,ابيكوبرد 5 مجم 30 قرص سريع الذوبان بالفم,69.0
3509,FLACORT 30 MG 20 TAB,فلاكورت 30 مجم 20 قرص,164.0
1876,PREDSOL 5 MG/5ML SYRUP 50 ML,بريدسول 5 مجم / 5 مل شراب 50 مل,29.0
630,SUGARLO PLUS 50 / 850 MG 30 TAB,شوجارلو بلس 50 -850 مجم 30 قرص,132.0
779,VOLTAREN S.R 100 MG 20 TAB,فولتارين اس ار 100 مجم 20 قرص,132.0
1025,NEXIUM 20 MG 28 TAB,نكسيام 20 مجم 28 قرص,226.0
569,POWERCAPS 20 CAP,باور كابس 20 كبسولة,40.0
1300,QUITAPEX 200 MG 30 TAB,كويتابكس 200 مجم 30 قرص,261.0
1083,MADDOVIT 30 TAB,مادوفيت 30 قرص,390.0
459,HIBIOTIC N 457 MG/5 ML SUSP. 60 ML,هاي بيوتك ان 457 مجم/5مل شراب معلق 60 مل,54.0
9205,SHAAN GEL 120 GM,شان جيل ملطف 120 جم,170.0
337,ERASTAPEX PLUS 20 MG/12.5 TAB,ايراستابكس بلس 20/12.5 مجم 30 قرص,78.0
11,MIXTARD 30 HM 100 I.U./ML 5 * 3 ML PENFILL,ميكستارد 30 اتش ام 100 وحدة دولية/مل 5 خرطوش 3 مل,338.0
425,CHROMAX 60 CAP,كروماكس 60 كبسول,150.0
1049,XILONE 5 MG/5ML SYRUP 100 ML,زيلون 5مجم/5مل شراب 100 مل,34.0
968,VOLTAREN 1%EMULGEL 100 GM,فولتارين 1% ايملجيل 100 جم,101.0
956,QUITAPEX 100 MG 30 TAB,كويتابكس 100 مجم 30 قرص,186.0
9953,CENTRUM WITH LUTEIN ADULT 100 TAB,سنترم مع لوتين للكبار 100 قرص,680.0
9954,CENTRUM SILVER WITH LUTEIN ADULT 30 TAB,سنترم سيلفر مع لوتين للكبار 30 قرص,275.0
1916,RELAXON 30 CAP,ريلاكسون 30 كبسولة,40.5
603,FUNGICAN 150 MG 2 CAP,فنجيكان 150 مجم 2 كبسول,47.0
682,PEDIASURE VANILIA MILK 400 GM,بدياشور كومبليت لبن فانيليا 400 جم,442.8
9842,DECAPRENO 200.000 I.U AMP. 1 * 1 ML,ديكابرينو امبول 1 مل,39.0
637,SELENIUM-ACE 30 TAB,سيلينيوم ايه سي اي 30 قرص,130.0
601,VITAYAMI 30 TAB,فيتايامي 30 قرص,67.5
367,ONE TWO THREE (1 2 3) SYRUP 120 ML,وانتوثرى شراب 120 مللى,32.0
2237,D.DEP 10.000 I.U. 30 CAP CAP,دي.ديب 10.000 وحدة دولية 30 كبسول,300.0
517,CERVITAM 20 CAP,سيرفيتام 20 كبسولة,86.0
868,ERASTAPEX CO 5MG/20 MG 30 TAB,ايراستابكس كو 5/20 مجم 30 قرص,114.0
5303,COLD CONTROL 20 TAB,كولد كونترول 20 قرص,32.0
10168,EMPACOZA PLUS 5/25 MG 30 TAB,ايمباكوزا بلس 25/5 مجم 30 قرص,303.0
4990,TECAVIR 1 MG 30 TAB,تيكافير 1 مجم 30 قرص,1755.0
499,DOSTINEX .50 MG 2 TAB,دوستينكس 0.5 مجم 2 قرص,118.5
784,VITAMIN E 1000 MG 24 CAP,فيتامين ه 1000 مجم 24 كبسولة,89.0
1138,ELIMBOSIS 5 MG 30 TAB,اليمبوسيس 5 مجم 30 قرص,269.25
512,ORLISTAT 120 MG 30 CAP,اورليستات 120 مجم 30 كبسول,207.0
498,CONCOR 10 MG 30 TAB,كونكور 10 مجم 30 قرص,99.0
774,C ZINC 30 CAP,سي زنك 30 كبسول,90.0
684,GLUCOPHAGE 500 MG 50 TAB,جلوكوفاج 500 مجم 50 قرص,35.0
11904,EMPACOZA TRIO XR 10/5/1000 MG TAB,ايمباكوزا تريو اكس ار 10/5/1000 مجم قرص,348.0
997,ZITHROMAX 900 MG/22.5 ML SUSP. 22.5 ML,زيثروماكس 900مجم/22.5مل شراب معلق,100.0
560,FUSI 2%CREAM 15 GM,فيوسي 2 % كريم 15 جم,35.0
13218,MERALGO 20 CAPS,ميرالجو 20 كبسولة,425.0
542,EXAMIDE 20 MG 20 TAB,اكساميد 20 مجم 20 قرص,80.0
2070,FORFLOZIN 10 MG 30 TAB,فورفلوزين 10 مجم 30 قرص,306.0
3292,MAGNESIUM PLUS 30 TAB,ماغنسيوم بلس 30 كبسول,45.0
879,MACRO PANTHENOL CREAM 50 GM,ماكرو بانثينول كريم 50 جم,45.0
1229,CYTEAL FOAMING SOLN. 250 ML,سيتيال محلول رغوي مطهر 250 مل,95.0
3388,OZEMPIC 1 MG 1 PRE-FILLED PEN,اوزمبك 1مجم 1 قلم معبأ للحقن,4000.0
9952,CENTRUM WITH LUTEIN ADULT 30 TAB,سنترم مع لوتين للكبار 30 قرص,255.0
693,FUSI-ZON CREAM 15 GM,فيوسي-زون كريم 15 جم,36.0
10802,CONVENTIN XR 300 MG 30 TAB,كونفنتين ممتد المفعول 300 مجم - 30 قرص,135.0
1345,HISTAZINE 1 10 MG 20 TAB,هيستازين-1 10 مجم 20 قرص,68.0
685,FUCIDIN 2%CREAM 30 GM,فيوسيدين 2 % كريم 30 جم,53.0
1572,FLUIMUCIL 600 MG 10 EFF. TAB,فلوموسيل 600 مجم 10 قرص فوار,109.0
1665,SEPTAZOLE 200 TAB,سيبتازول 80/400 مجم 200 قرص,229.0
10744,LIMITLESS VITAMIN B12 30 O.D.F,ليمتلس فيتامين بي 12 أو دي إف - 30 فيلم سريع الذوبان بالفم,125.0
962,VENTOCOUGH WITH SUGAR SYRUP 125 ML,فينتوكف شراب بالسكر 125 مل,30.0
1589,OXALEPTAL 300 MG 30 TAB,اوكساليبتال 300 مجم 30 قرص,180.0
1499,BRESTTO 20 PIECES,بريستو 20 قطعة للمضغ,94.0
782,CURAM 457 MG/5 ML SUSP. 70 ML,كيورام 457 مجم / 5 مل شراب معلق 70 مل,97.0
1098,MEGAFEN-N 100 MG/5 ML SUSP. 120 ML,ميجافين ان شراب معلق 120 مل,35.0
618,CERELAC WHEAT WITH MILK 125 GM,سيريلاك  قمح بدون لبن 125 جرام جديد,40.0
615,TEGRETOL 200 MG 30 TAB,تجريتول 200 مجم 30 قرص,89.0
1789,CIDOPHAGE 500 MG 50 STRIPES,سيدوفاج 500 مجم 50 شريط,550.0
830,FLOPADEX 8 MG 30 CAP,فلوبادكس 8 مجم 30 كبسول,177.0
2534,HAIRTONIC 60 CAP,هيرتونيك 60 كبسولة,165.0
11952,MELLITOFIX TRIO 25/5/1000 MG 30 TAB,ميليتوفكس تريو 25/5/1000 مجم 30 قرص,486.0
1251,CIDOPHAGE 850 MG 60 TAB,سيدوفاج 850 مجم 60 قرص,96.0
2197,ENTEROGERMINA 2 BILLION/5 ML ORAL SUSP. 10 MINI BOTTLES,انتروجرمينا معلق للشرب 2 بليون 10 زجاجة 5 مل,150.0
688,VERSERC 24 MG 30 TAB,فيرسيرك 24 مجم 30 قرص,120.0
511,SOMAZINA 100 MG/ ML ORAL DROP 30 ML,سومازينا 100مجم/مل نقط بالفم 30 مل,140.0
3630,TELFAST DECONGESTANT 10 TAB,تلفاست دي مزيل للاحتقان 10 قرص,63.0
9761,STREPSILS ORANGE WITH VITAMIN C 24 LOZENGES,ستربسلز بالبرتقال ڤيتامبن سى 24 قرص استحلاب,170.0
9168,TOPI-GENT SEBUM CLEANSING FOAM 150 ML,توب جينت سيبيوم محلول 150مل,245.0
1562,DIAFLOZIMET ER 10/1000 MG 30 TAB,ديافلوزيمت 10/1000مجم 30 قرص ممتد المفعول,258.0
1309,CHROMITRON 30 CAP,كروميترون 30 كبسول,90.0
1189,BLOKATENS 5 MG/160 28 TAB,بلوكاتنس 5/160مجم 28 قرص,150.0
519,DURICEF 500 MG/5 ML SUSP. 60 ML,ديوريسيف 500 مجم / 5 مل شراب معلق 60 مل,78.0
10670,CRESTOR 5 MG 28 TAB,كريستور 5 مجم 28 قرص,264.0
388,ROWACHOL 45 CAP,رواكول 45 كبسول,72.0
9914,WATER SOLVENT PURIFIED 300 PACK,ماء مذيب 300 كيس,450.0
1723,ARICEPT 5 MG 14 TAB,اريسبت 5 مجم 14 قرص,300.0
1000,MIRTIMASH 30 MG 30 TAB,ميرتيماش 30 مجم 30 قرص,177.0
1027,LEVCET 5 MG 20 TAB,ليفسيت 5 مجم 20 قرص,85.0
2402,SELONA 20 SACHETS,سيلونا 20 كيس,45.0
570,RIVAROSPIRE 15 MG 42 TAB,ريفارسبير 15 مجم 42 قرص,534.0
1024,PRIMROSE PLUS 30 CAP,برايم روز بلس 30 كبسول,165.0
9802,CLAVIMOX 642.9 MG/5 ML ORAL SUSP. 75 ML,كلافيموكس 642.9مجم/5مل شراب معلق 75 مل,89.0
616,ECTOMETHRIN 5% ADULT LOTION 50 ML,اكتومثرين 5 % لوسيون 50 مل,55.0
10013,DAVALINDI 10.000 I.U. 30 TAB,دافاليندي 10.000 وحدة دولية 30 قرص,78.0
453,DEXATROL EYE/EAR DROPS 5 ML,ديكساترول قطرة عين/أذن 5 مل,27.0
612,GALVUS MET 850 MG/50 3 TAB,جالفس ميت 50/850 مجم 30 قرص,233.0
1209,SODIUM CHLORIDE- ALMOTTAHEDOON 0.9%INFUSION 500 ML,صوديوم كلوريد -المتحدون 0.9 % محلول وريد 500 مل,24.0
129,THIOTACID 600 MG ORIGINAL 20 TAB,ثيوتاسيد اورجينال 600 20 قرص,90.0
452,ANTINAL 220 MG/5 ML SUSP. 60 ML,انتينال 220مجم/5مل شراب معلق 60 مل,24.0
1177,SANSOIMUNE SYRUP 200 ML,سانسو اميون شراب 200 مل,140.0
1295,VITA STRESS 20 TAB,فيتاستريس 20 قرص,64.0
672,DULOXEPRIN 30 MG 28 CAP,دولوكسبرين 30 مجم 28 كبسولة,180.0
295,FUCIDIN 2%CREAM 15 GM,فيوسيدين 2 % كريم 15 جم,30.0
10432,FEMTONEX 30 CAP,فيمتونكس 30 كبسول,300.0
10912,ISOTRETINOIN 20 MG 30 CAP,ايزوتريتينوين 20 مجم 30 كبسولة,372.0
928,LIPITOR 20 MG 28 TAB,ليبيتور 20 مجم 28 قرص,264.0
902,ZANOGLIDE 30MG/4 MG 30 TAB,زانوجلايد 4/30مجم 30 قرص,102.0
75,LIVABION I.M. AMP. 6 * 2 ML,ليفابيون 2 مللى 6 امبول,63.0
443,PRIDOCAINE CREAM 15 GM,بريدوكايين كريم 15 جم,32.0
818,TOBRIN 0.3 % EYE DROPS 5 ML,توبرين 0.3 % قطرة عين 5 مل,23.0
839,DENTINOX ORAL DROPS 100 ML,دنتينوكس نقط بالفم للاطفال 100 مل,103.0
859,NEVILOB PLU.5/ 12.5 MG 20 TAB,نيفيلوب بلس 0.5-12.5 مجم 20 قرص,86.0
3076,MONURIL 3 GM 1 SACHET,مونوريل 3جم 1 كيس,293.0
8700,COPAD 10.000 30 CAP,كوباد 10.000 وحدة دولية 30 كبسول,215.0
10147,THIOTACID 600 MG ORIGINAL 30 TAB,ثيوتاسيد اورجينال 600 30 قرص,230.0
582,GALVUS MET 500 MG/50 3 TAB,جالفس ميت 50/500 مجم 30 قرص,194.0
525,CH-ALPHA 10 SACHETS,سى اتش الفا 10 كيس,295.0
1934,POLYMER BABY ISOTONIC .9% NASAL SPRAY 100 ML,بوليمير بيبي ايزوتونيك 0.9 % بخاخ بالأنف 100 مل,275.0
1852,DIACURIMAP 10 MG 30 TAB,دياكيوريماب 10 مجم 30 قرص,204.0
1667,GENUPHIL ADVANCE 10 SACHETS,جينوفيل ادفانس 10 كيس,280.0
5123,FLATIDYL 30 CHEWABLE TAB,فلاتيديل 40 مجم 30 قرص مضغ,54.0
665,GAVISCON ADVANCE PEPPERMENT SUSP. 150 ML,جافيسكون ادفانس نعناع 150 مل شراب,61.0
355,INJECTMOL 1 GM/100 ML I.V. INF. VIAL,انجيكتمول 1 جم فيال وريد 100 مل,67.0
2970,LAMIFEN 250 MG 14 TAB,لاميفين 250 مجم 14 قرص,112.0
696,ISOTRETINOIN 20 MG 10 CAP,ايزوتريتينوين 20 مجم 10 كبسولة,94.0
865,SCARO PLUS CREAM 50 GM,سكارو بلس كريم 50 جم,300.0
1447,BURNASORES 0.25% OINT. 15 GM,برناسورس 0.25% مرهم 15 جم,110.0
1815,PARAMOL 120MG/5ML SYRUP 125 ML,بارامول 120 مجم /5 مل شراب 125 مل,36.0
9757,LIMITLESS CHROMAX CUT 30 SACHETS,ليمتلس كروماكس كت 30 كيس,295.0
716,MEGAMOX 625 MG 14 TAB,ميجاموكس 625 مجم 14 قرص,143.0
3883,SWABIVENT NEBULIZER SOLUTION AMP. 20 * 2.5 ML,سوابيفنت 500 ميكرو محلول استنشاق 20 امبول,176.0
253,NEUROTON I.M. 6 AMP.,نيوروتون 6 امبول 2 مل,66.0
1097,ERASTAPEX 20 MG 30 TAB,ايراستابكس 20 مجم 30 قرص,75.0
2459,MINOXILOOK 5%HAIR SPRAY 100 ML,مينوكسيلوك 5 % بخاخ للشعر 100 مل,144.0
11927,JOINTGUARD ULTRA 30 CAP,جوينت جارد الترا 30 كبسول,499.0
673,AERIUS 5 MG 20 TAB,ايريوس 5 مجم 20 قرص,118.0
1140,TICANASE .05%NASAL SPRAY 12 GM,تيكانيز 0.05% بخاخ بالأنف 12 جم,70.0
3210,DIPROSALIC LOTION 30 ML,ديبروساليك لوسيون 30 مل,43.0
1524,CARDURA 4 MG 14 TAB,كاردورا 4 مجم 14 قرص,58.0
9778,PECTOL-EUCALYPTUS +VIT.C FRESH LOZENGES 8 * 24 STRIP,بيكتول نعناع استحلاب,600.0
393,FLOXAMO 1000 MG 16 TAB,فلوكسامو 1 جم 16 قرص,110.0
3298,OXALEPTAL 600 MG 30 TAB,اوكساليبتال 600 مجم 30 قرص,303.0
919,ALDOMET 250 MG 30 TAB,الدوميت 250 مجم 30 قرص,111.0
424,JANUVIA 100 MG 28 TAB,جانوفيا 100 مجم 28 قرص,420.0
407,NESTOGEN 2 MILK 400 GM,نستوجين 2 لبن 400 جم,250.0
3141,DAPAGLIF 10 MG 14 TAB,داباجليف 10 مجم 14 قرص,135.5
856,MUCOTEC 300 MG 20 CAP,ميوكوتك 300 مجم 20 كبسول,76.0
10188,BLOOM VILLE 30 TAB,بلوم فيل 30 قرص,275.0
1273,ERASTAPEX CO 10MG/40 MG 30 TAB,ايراستابكس كو 10/40 مجم 30 قرص,124.5
778,TRITACE 2.5 MG 14 TAB,تريتاس 2.5 مجم 14 قرص,54.0
10155,EMPACOZA PLUS 10/5 MG 30 TAB,ايمباكوزا بلس 10/5 مجم 30 قرص,303.0
2838,SUGARLO PLUS 50 / 500 MG 30 TAB,شوجارلو بلس 50/500 مجم 30 قرص,132.0
204,ARIMIDEX 1 MG 28 TAB,اريميدكس 1 مجم 28 قرص,542.0
591,GALVUS 50 MG 28 TAB,جالفس 50 مجم 28 قرص,218.0
2214,OROVEX-H MOUTH WASH 150 ML,اوروفكس اتش مضمضة 150 مل,120.0
438,BETADERM 0.1%CREAM 15 GM,بيتاديرم 0.1% كريم 15 جم,18.0
896,DIVAKOTE ER 500 MG 20 TAB,ديفاكوت 500 مجم 20 كبسول ممتد المفعول,106.0
2038,TICANASE PLUS 125 / 50 MCG NASAL SPRAY 15 ML,تيكانيز بلس 125/50 مكجم بخاخ بالأنف 15 مل,92.0
302,NESTOGEN 1 MILK 400 GM,نستوجين 1 لبن 400 جم,250.0
1117,E MOXCLAV 1 G 10 TAB,ايموكسكلاف 1 جم 10 قرص,96.0
11853,HERBANA 30 CAP,هيربانا 30 كبسول,90.0
123,VOLTAREN 75 MG/3 ML I.M./I.V. 3 AMP.,فولتارين 75 مجم/3مل 3 امبولات للحقن العضلي او التسريب الوريدي,51.0
1119,FAVERIN 100 MG 30 TAB,فافرين 100 مجم 30 قرص,261.0
1197,SULFAX PLUS MASSAGE GEL 60 GM,سولفاكس بلس مساج جيل 60 جم,85.0
864,MOODAPEX 50 MG 30 TAB,مودابكس 50 مجم 30 قرص,84.0
502,KAPRON 500 MG 20 TAB,كابرون 500 مجم 20 قرص,72.0
1127,JARDIANCE 10 MG 30 TAB,جارديانس 10 مجم 30 قرص,626.0
770,E MOX 500 MG 16 CAP,ايموكس 500 مجم 16 كبسول,40.0
